LotFrontage,LotArea,Street,OverallQual,YearBuilt,BsmtQual,TotalBsmtSF,CentralAir,GrLivArea,PoolArea,GarageArea
65.0,8450,Pave,7,2003,Gd,856,Y,1710,0,548
80.0,9600,Pave,6,1976,Gd,1262,Y,1262,0,460
68.0,11250,Pave,7,2001,Gd,920,Y,1786,0,608
60.0,9550,Pave,7,1915,TA,756,Y,1717,0,642
84.0,14260,Pave,8,2000,Gd,1145,Y,2198,0,836
85.0,14115,Pave,5,1993,Gd,796,Y,1362,0,480
75.0,10084,Pave,8,2004,Ex,1686,Y,1694,0,636
,10382,Pave,7,1973,Gd,1107,Y,2090,0,484
51.0,6120,Pave,7,1931,TA,952,Y,1774,0,468
50.0,7420,Pave,5,1939,TA,991,Y,1077,0,205
70.0,11200,Pave,5,1965,TA,1040,Y,1040,0,384
85.0,11924,Pave,9,2005,Ex,1175,Y,2324,0,736
,12968,Pave,5,1962,TA,912,Y,912,0,352
91.0,10652,Pave,7,2006,Gd,1494,Y,1494,0,840
,10920,Pave,6,1960,TA,1253,Y,1253,0,352
51.0,6120,Pave,7,1929,TA,832,Y,854,0,576
,11241,Pave,6,1970,TA,1004,Y,1004,0,480
72.0,10791,Pave,4,1967,,0,Y,1296,0,516
66.0,13695,Pave,5,2004,TA,1114,Y,1114,0,576
70.0,7560,Pave,5,1958,TA,1029,Y,1339,0,294
101.0,14215,Pave,8,2005,Ex,1158,Y,2376,0,853
57.0,7449,Pave,7,1930,TA,637,Y,1108,0,280
75.0,9742,Pave,8,2002,Gd,1777,Y,1795,0,534
44.0,4224,Pave,5,1976,Gd,1040,Y,1060,0,572
,8246,Pave,5,1968,TA,1060,Y,1060,0,270
110.0,14230,Pave,8,2007,Gd,1566,Y,1600,0,890
60.0,7200,Pave,5,1951,TA,900,Y,900,0,576
98.0,11478,Pave,8,2007,Ex,1704,Y,1704,0,772
47.0,16321,Pave,5,1957,TA,1484,Y,1600,0,319
60.0,6324,Pave,4,1927,TA,520,N,520,0,240
50.0,8500,Pave,4,1920,TA,649,N,1317,0,250
,8544,Pave,5,1966,TA,1228,Y,1228,0,271
85.0,11049,Pave,8,2007,Ex,1234,Y,1234,0,484
70.0,10552,Pave,5,1959,TA,1398,Y,1700,0,447
60.0,7313,Pave,9,2005,Ex,1561,Y,1561,0,556
108.0,13418,Pave,8,2004,Ex,1117,Y,2452,0,691
112.0,10859,Pave,5,1994,Gd,1097,Y,1097,0,672
74.0,8532,Pave,5,1954,TA,1297,Y,1297,0,498
68.0,7922,Pave,5,1953,TA,1057,Y,1057,0,246
65.0,6040,Pave,4,1955,,0,N,1152,0,0
84.0,8658,Pave,6,1965,TA,1088,Y,1324,0,440
115.0,16905,Pave,5,1959,TA,1350,Y,1328,0,308
,9180,Pave,5,1983,Gd,840,Y,884,0,504
,9200,Pave,5,1975,Gd,938,Y,938,0,308
70.0,7945,Pave,5,1959,TA,1150,Y,1150,0,300
61.0,7658,Pave,9,2005,Ex,1752,Y,1752,0,576
48.0,12822,Pave,7,2003,Ex,1434,Y,2149,0,670
84.0,11096,Pave,8,2006,Gd,1656,Y,1656,0,826
33.0,4456,Pave,4,1920,TA,736,Y,1452,0,0
66.0,7742,Pave,5,1966,TA,955,Y,955,0,386
,13869,Pave,6,1997,Gd,794,Y,1470,0,388
52.0,6240,Pave,6,1934,TA,816,Y,1176,0,528
110.0,8472,Grvl,5,1963,Gd,816,N,816,0,516
68.0,50271,Pave,9,1981,Ex,1842,Y,1842,0,894
60.0,7134,Pave,5,1955,TA,384,Y,1360,0,572
100.0,10175,Pave,6,1964,TA,1425,Y,1425,0,576
24.0,2645,Pave,8,1999,Gd,970,Y,1739,0,480
89.0,11645,Pave,7,2004,Gd,860,Y,1720,0,565
66.0,13682,Pave,10,2006,Ex,1410,Y,2945,0,641
60.0,7200,Pave,5,1972,TA,780,Y,780,0,352
63.0,13072,Pave,6,2004,Gd,1158,Y,1158,0,576
60.0,7200,Pave,5,1920,TA,530,N,1111,0,288
44.0,6442,Pave,8,2006,Gd,1370,Y,1370,0,484
50.0,10300,Pave,7,1921,TA,576,Y,1710,0,480
,9375,Pave,7,1997,Gd,1057,Y,2034,0,645
76.0,9591,Pave,8,2004,Ex,1143,Y,2473,0,852
,19900,Pave,7,1970,Gd,1947,Y,2207,0,576
72.0,10665,Pave,7,2003,Gd,1453,Y,1479,0,558
47.0,4608,Pave,4,1945,TA,747,Y,747,0,220
81.0,15593,Pave,7,1953,TA,1304,Y,2287,0,667
95.0,13651,Pave,7,1973,Gd,2223,Y,2223,0,516
69.0,7599,Pave,4,1982,TA,845,Y,845,0,360
74.0,10141,Pave,7,1998,Gd,832,Y,1718,0,427
85.0,10200,Pave,5,1954,TA,1086,Y,1086,0,490
60.0,5790,Pave,3,1915,Fa,840,N,1605,0,379
21.0,1596,Pave,4,1973,Gd,462,Y,988,0,297
,8475,Pave,4,1956,TA,952,Y,952,0,283
50.0,8635,Pave,5,1948,TA,672,Y,1285,0,240
72.0,10778,Pave,4,1968,TA,1768,N,1768,0,0
60.0,10440,Pave,5,1910,TA,440,Y,1230,0,440
100.0,13000,Pave,6,1968,Gd,896,Y,2142,0,509
32.0,4500,Pave,6,1998,Ex,1237,Y,1337,0,405
78.0,10206,Pave,8,2007,Gd,1563,Y,1563,0,758
80.0,8892,Pave,5,1960,TA,1065,Y,1065,0,461
,8530,Pave,7,1995,Gd,384,Y,1474,0,400
121.0,16059,Pave,8,1991,Gd,1288,Y,2417,0,462
122.0,11911,Pave,6,2005,Gd,684,Y,1560,0,400
40.0,3951,Pave,6,2009,Gd,612,Y,1224,0,528
105.0,8470,Pave,3,1915,TA,1013,N,1526,0,0
60.0,8070,Pave,4,1994,Gd,990,Y,990,0,0
60.0,7200,Pave,4,1950,,0,Y,1040,0,420
85.0,8500,Pave,5,1961,TA,1235,Y,1235,0,480
80.0,13360,Pave,5,1921,Gd,876,Y,964,0,432
60.0,7200,Pave,6,1910,TA,1214,N,2291,0,506
69.0,9337,Pave,6,1997,Gd,824,Y,1786,0,684
,9765,Pave,6,1993,Gd,680,Y,1470,0,420
78.0,10264,Pave,7,1999,Gd,1588,Y,1588,0,472
73.0,10921,Pave,4,1965,TA,960,Y,960,0,432
85.0,10625,Pave,5,1920,TA,458,N,835,0,366
77.0,9320,Pave,4,1959,TA,950,Y,1225,0,0
,10603,Pave,6,1977,TA,1610,Y,1610,0,480
77.0,9206,Pave,6,1985,Gd,741,Y,1732,0,476
64.0,7018,Pave,5,1979,,0,Y,1535,0,410
94.0,10402,Pave,7,2009,Gd,1226,Y,1226,0,740
,7758,Pave,7,1931,TA,1040,Y,1818,0,240
75.0,9375,Pave,8,2003,Ex,1053,Y,1992,0,648
60.0,10800,Pave,4,1885,Fa,641,Y,1047,0,273
50.0,6000,Pave,5,1948,TA,789,Y,789,0,250
85.0,8500,Pave,5,1919,TA,793,N,1517,0,0
105.0,11751,Pave,6,1977,Gd,1844,Y,1844,0,546
75.0,9525,Pave,6,1954,TA,994,Y,1855,0,325
,7750,Pave,7,2000,Gd,384,Y,1430,0,400
77.0,9965,Pave,7,2007,Ex,1264,Y,2696,0,792
,21000,Pave,6,1953,Gd,1809,Y,2259,0,450
61.0,7259,Pave,6,1945,TA,1028,Y,2320,0,180
34.0,3230,Pave,6,1999,Gd,729,Y,1458,0,440
,11616,Pave,5,1962,TA,1092,Y,1092,0,288
74.0,8536,Pave,5,2006,Gd,1125,Y,1125,0,430
90.0,12376,Pave,7,1990,Gd,1673,Y,3222,0,594
65.0,8461,Pave,6,2005,Gd,728,Y,1456,0,390
,21453,Pave,6,1969,TA,938,Y,988,0,540
50.0,6060,Pave,4,1939,TA,732,Y,1123,0,264
75.0,9464,Pave,6,1958,TA,1080,Y,1080,0,288
55.0,7892,Pave,6,1993,Gd,1199,Y,1199,0,530
48.0,17043,Pave,6,1979,Gd,1362,Y,1586,0,435
60.0,6780,Pave,6,1935,TA,520,N,754,0,0
,4928,Pave,6,1976,Gd,1078,Y,958,0,440
55.0,4388,Pave,5,1930,TA,672,Y,840,0,0
69.0,7590,Pave,6,1966,TA,660,Y,1348,0,453
69.0,8973,Pave,5,1958,TA,1008,Y,1053,0,750
88.0,14200,Pave,7,1966,TA,924,Y,2157,0,487
,12224,Pave,6,2000,Gd,992,Y,2054,0,390
75.0,7388,Pave,5,1959,TA,1063,Y,1327,0,624
,6853,Pave,8,2001,Ex,1267,Y,1296,0,471
78.0,10335,Pave,5,1968,TA,1461,Y,1721,0,440
80.0,10400,Pave,7,1970,TA,1304,Y,1682,0,530
,10355,Pave,5,1967,TA,1214,Y,1214,0,318
82.0,11070,Pave,7,1988,TA,1907,Y,1959,0,766
73.0,9066,Pave,8,1999,Gd,1004,Y,1852,0,660
65.0,15426,Pave,6,1997,Gd,928,Y,1764,0,470
70.0,10500,Pave,4,1971,TA,864,Y,864,0,0
78.0,11645,Pave,7,2005,Gd,1734,Y,1734,0,660
71.0,8520,Pave,5,1952,TA,910,Y,1385,0,720
78.0,10335,Pave,7,1999,Gd,1490,Y,1501,0,577
70.0,9100,Pave,5,1963,TA,1728,Y,1728,0,504
24.0,2522,Pave,6,2004,Gd,970,Y,1709,0,380
51.0,6120,Pave,5,1931,TA,715,Y,875,0,180
,9505,Pave,7,2001,Gd,884,Y,2035,0,434
63.0,7500,Pave,7,2004,Gd,1080,Y,1080,0,0
,6240,Pave,5,1936,Gd,896,Y,1344,0,240
120.0,10356,Pave,5,1975,TA,969,Y,969,0,440
107.0,13891,Pave,8,2007,Ex,1710,Y,1710,0,866
,14803,Pave,6,1971,TA,825,Y,1993,0,495
,13500,Pave,6,1960,Gd,1602,Y,1252,0,564
84.0,11340,Pave,6,1923,TA,1200,Y,1200,0,312
60.0,9600,Pave,6,1924,TA,572,N,1096,0,0
60.0,7200,Pave,5,1950,,0,Y,1040,0,625
92.0,12003,Pave,8,2009,Ex,774,Y,1968,0,680
100.0,12552,Pave,7,2004,Gd,991,Y,1947,0,678
134.0,19378,Pave,7,2005,Gd,1392,Y,2462,0,576
,11120,Pave,6,1984,Gd,1232,Y,1232,0,516
110.0,13688,Pave,9,2003,Ex,1572,Y,2668,0,726
95.0,12182,Pave,7,2005,Gd,1541,Y,1541,0,532
55.0,5500,Pave,4,1956,TA,882,Y,882,0,0
40.0,5400,Pave,6,1926,TA,1149,Y,1616,0,216
62.0,10106,Pave,5,1940,TA,644,Y,1355,0,0
,10708,Pave,5,1955,TA,1617,Y,1867,0,303
86.0,10562,Pave,8,2007,Ex,1582,Y,2161,0,789
62.0,8244,Pave,7,2004,Gd,840,Y,1720,0,440
,16669,Pave,8,1981,Gd,1686,Y,1707,0,511
,12358,Pave,5,1941,TA,720,Y,1382,0,660
141.0,31770,Pave,6,1960,TA,1080,Y,1656,0,528
44.0,5306,Pave,7,1987,Gd,1064,Y,1767,0,504
80.0,10197,Pave,6,1961,TA,1362,Y,1362,0,504
47.0,12416,Pave,6,1986,Gd,1606,Y,1651,0,616
84.0,12615,Pave,6,1950,TA,1202,Y,2158,0,576
97.0,10029,Pave,6,1988,Gd,1151,Y,2060,0,521
,13650,Pave,5,1958,TA,1052,Y,1920,0,451
63.0,17423,Pave,9,2008,Ex,2216,Y,2234,0,1166
60.0,8520,Pave,5,1923,TA,968,Y,968,0,480
,2117,Pave,6,2000,Gd,756,Y,1525,0,440
54.0,7588,Pave,7,1920,Fa,793,Y,1802,0,216
60.0,9060,Pave,5,1957,,0,Y,1340,0,252
63.0,11426,Pave,7,2003,Gd,1362,Y,2082,0,484
92.0,7438,Pave,5,1908,Fa,504,Y,1252,0,576
90.0,22950,Pave,10,1892,TA,1107,Y,3608,0,840
,9947,Pave,7,1990,Gd,1188,Y,1217,0,497
60.0,10410,Pave,5,1916,Fa,660,Y,1656,0,180
64.0,7018,Pave,5,1979,Gd,1086,Y,1224,0,528
41.0,4923,Pave,8,2001,Ex,1593,Y,1593,0,682
70.0,10570,Pave,8,1932,Gd,853,Y,2727,0,440
,7472,Pave,7,1972,TA,725,Y,1479,0,484
68.0,9017,Pave,7,1999,Gd,1431,Y,1431,0,666
24.0,2522,Pave,7,2004,Gd,970,Y,1709,0,380
60.0,7180,Pave,5,1972,TA,864,Y,864,0,352
24.0,2280,Pave,6,1976,Gd,855,Y,1456,0,440
79.0,9416,Pave,7,2007,Ex,1726,Y,1726,0,786
174.0,25419,Pave,8,1918,TA,1360,Y,3112,512,795
92.0,5520,Pave,6,1912,TA,755,Y,2229,0,0
76.0,9591,Pave,8,2004,Ex,1713,Y,1713,0,856
80.0,8546,Pave,4,2003,Gd,1121,Y,1121,0,440
75.0,10125,Pave,6,1977,TA,1196,Y,1279,0,473
50.0,7000,Pave,6,1924,Fa,617,Y,1310,0,398
,4438,Pave,6,2004,Gd,848,Y,848,0,420
50.0,3500,Pave,5,1947,TA,720,Y,1284,0,240
99.0,11851,Pave,7,1990,Gd,1424,Y,1442,0,500
40.0,13673,Pave,5,1962,TA,1140,Y,1696,0,349
,12493,Pave,4,1960,TA,1100,Y,1100,0,312
,14364,Pave,7,1988,Gd,1157,Y,2062,0,454
75.0,8250,Pave,6,1964,Gd,1092,Y,1092,0,504
67.0,5604,Pave,5,1925,TA,864,N,864,0,0
83.0,10420,Pave,6,2009,Gd,1212,Y,1212,0,460
72.0,8640,Pave,7,2009,Gd,900,Y,1852,0,644
43.0,13568,Pave,5,1995,Gd,990,Y,990,0,576
,10900,Pave,6,1977,Gd,689,Y,1392,0,299
72.0,10011,Pave,5,1957,TA,1070,Y,1236,0,447
65.0,8450,Pave,7,2004,Gd,1436,Y,1436,0,484
57.0,9906,Pave,4,1925,TA,686,N,1328,0,210
,15660,Pave,7,1939,TA,798,Y,1954,0,431
43.0,3010,Pave,7,2005,Gd,1248,Y,1248,0,438
73.0,8990,Pave,7,2006,Gd,1498,Y,1498,0,675
,8068,Pave,6,2002,Gd,1010,Y,2267,0,390
85.0,11475,Pave,6,1975,Gd,713,Y,1552,0,434
70.0,10500,Pave,4,1971,TA,864,Y,864,0,576
103.0,13472,Pave,10,2003,Ex,2392,Y,2392,0,968
21.0,1680,Pave,5,1971,TA,630,Y,1302,0,280
82.0,9950,Pave,7,1995,Gd,1203,Y,2520,0,721
21.0,1869,Pave,6,1970,TA,483,Y,987,0,280
70.0,8521,Pave,5,1967,TA,912,Y,912,0,336
43.0,3182,Pave,7,2005,Gd,1373,Y,1555,0,430
73.0,8760,Pave,6,1959,TA,1194,Y,1194,0,312
174.0,15138,Pave,8,1995,Gd,1462,Y,2794,0,810
21.0,1680,Pave,6,1972,TA,483,Y,987,0,288
75.0,10650,Pave,5,1976,TA,894,Y,894,0,308
,7851,Pave,6,2002,Gd,860,Y,1960,0,440
21.0,1680,Pave,6,1971,TA,483,Y,987,0,264
65.0,8773,Pave,7,2004,Gd,1414,Y,1414,0,494
,9453,Pave,7,1993,Gd,996,Y,1744,0,457
93.0,12030,Pave,8,2007,Ex,1694,Y,1694,0,818
52.0,8741,Pave,6,1945,TA,735,Y,1487,0,220
75.0,9000,Pave,8,2008,Gd,1566,Y,1566,0,750
40.0,3880,Pave,5,1945,TA,686,Y,866,0,0
63.0,5000,Pave,5,1900,TA,540,N,1440,0,352
75.0,10762,Pave,6,1980,Gd,626,Y,1217,0,288
,8880,Pave,7,1994,Gd,948,Y,2110,0,463
80.0,10400,Pave,7,1988,Gd,1845,Y,1872,0,604
69.0,9142,Pave,6,1910,Fa,1020,N,1928,0,440
75.0,11310,Pave,6,1954,TA,1367,Y,1375,0,451
72.0,11317,Pave,7,2003,Gd,840,Y,1668,0,500
,159000,Pave,6,1958,Gd,1444,Y,2144,0,389
55.0,5350,Pave,3,1940,TA,728,Y,1306,0,0
44.0,4750,Pave,8,2006,Gd,1573,Y,1625,0,538
65.0,8366,Pave,6,2004,Gd,798,Y,1640,0,520
85.0,9350,Pave,6,1964,Gd,1302,Y,1302,0,309
70.0,8400,Pave,5,1957,TA,1314,Y,1314,0,294
66.0,8738,Pave,7,1999,Gd,975,Y,2291,0,429
64.0,8791,Pave,6,2003,Gd,864,Y,1728,0,673
68.0,8814,Pave,7,2006,Gd,1604,Y,1604,0,660
80.0,12435,Pave,7,2001,Gd,963,Y,1792,0,564
70.0,12702,Pave,5,1956,,0,Y,882,0,308
120.0,19296,Pave,6,1962,TA,1362,Y,1382,0,884
69.0,9588,Pave,8,2007,Ex,1482,Y,2574,0,868
88.0,8471,Pave,6,1977,Gd,506,Y,1212,0,492
50.0,5500,Pave,5,1929,TA,926,Y,1316,0,484
30.0,5232,Pave,5,1925,Fa,680,N,764,0,504
78.0,12090,Pave,6,1981,Gd,1422,Y,1422,0,576
70.0,11207,Pave,6,1997,Gd,802,Y,1511,0,413
60.0,8400,Pave,5,1939,TA,720,Y,2192,0,240
71.0,6900,Pave,5,1940,TA,740,Y,778,0,924
,7917,Pave,6,1976,TA,1143,Y,1113,0,504
84.0,10728,Pave,8,2006,Gd,1095,Y,1939,0,1053
73.0,39104,Pave,7,1954,Gd,1385,Y,1363,0,439
92.0,11764,Pave,8,1999,Gd,1152,Y,2270,0,671
80.0,9600,Pave,6,1958,TA,1240,Y,1632,0,338
76.0,8314,Pave,5,1982,TA,816,Y,816,0,264
55.0,7264,Pave,7,1925,TA,952,N,1548,0,672
129.0,9196,Pave,7,2003,Ex,1560,Y,1560,0,573
140.0,19138,Pave,4,1951,TA,864,Y,864,0,400
107.0,14450,Pave,9,2006,Ex,2121,Y,2121,0,732
83.0,10005,Pave,7,1977,Gd,1160,Y,2022,0,505
82.0,11287,Pave,7,1989,Gd,807,Y,1982,0,575
60.0,7200,Pave,6,2006,Gd,1262,Y,1262,0,572
34.0,5063,Pave,7,2007,Gd,1314,Y,1314,0,626
74.0,9612,Pave,8,2008,Gd,1468,Y,1468,0,898
50.0,8012,Pave,6,1992,Gd,1575,Y,1575,0,529
35.0,4251,Pave,7,2006,Gd,625,Y,1250,0,528
77.0,9786,Pave,6,1962,TA,912,Y,1734,0,440
,8125,Pave,4,1971,TA,858,Y,858,0,0
,9819,Pave,5,1967,TA,882,Y,900,0,280
60.0,8730,Pave,6,1915,TA,698,Y,1396,0,384
120.0,15611,Pave,8,2006,Gd,1079,Y,1919,0,685
55.0,5687,Pave,5,1912,TA,780,N,1716,0,0
60.0,11409,Pave,5,1949,TA,768,Y,1716,0,281
,16659,Pave,7,1977,TA,795,Y,2263,0,539
80.0,9600,Pave,6,1953,TA,1416,Y,1644,0,418
37.0,7937,Pave,6,1984,TA,1003,Y,1003,0,588
75.0,13710,Pave,5,1950,TA,910,Y,1558,0,282
66.0,7399,Pave,7,1997,Gd,975,Y,1950,0,576
90.0,11700,Pave,6,1968,TA,702,Y,1743,0,539
80.0,14000,Pave,6,1950,TA,1092,Y,1152,0,300
90.0,15750,Pave,5,1953,TA,1165,Y,1336,0,375
66.0,16226,Pave,8,1998,Gd,1028,Y,2452,0,683
118.0,13704,Pave,7,2001,Gd,1541,Y,1541,0,843
70.0,9800,Pave,5,1972,TA,894,Y,894,0,552
87.0,18386,Pave,7,1880,TA,1470,Y,3493,0,870
80.0,10386,Pave,8,2004,Gd,2000,Y,2000,0,888
116.0,13474,Pave,7,1990,Gd,700,Y,2243,0,746
,7920,Pave,6,1920,TA,319,Y,1406,0,0
,12342,Pave,4,1940,TA,861,Y,861,0,539
90.0,12378,Pave,9,2003,Ex,1896,Y,1944,0,708
,7685,Pave,6,1993,Gd,697,Y,1501,0,420
50.0,8000,Pave,6,1948,TA,972,Y,972,0,240
65.0,7800,Pave,5,1939,Gd,793,Y,1118,0,410
150.0,215245,Pave,7,1965,Gd,2136,Y,2036,0,513
60.0,9600,Pave,7,1925,TA,728,Y,1641,0,546
71.0,7795,Pave,7,2004,Gd,716,Y,1432,0,432
94.0,13005,Pave,7,1980,Gd,845,Y,2353,0,484
75.0,9000,Pave,8,2006,Gd,1088,Y,1959,0,1025
90.0,9900,Pave,7,1993,Gd,1347,Y,2646,0,656
,14115,Pave,7,1980,Gd,1372,Y,1472,0,588
111.0,16259,Pave,9,2006,Ex,1249,Y,2596,0,840
99.0,12099,Pave,8,2004,Ex,1136,Y,2468,0,872
86.0,10380,Pave,7,1986,TA,1502,Y,2730,0,576
49.0,5820,Pave,3,1955,TA,1162,Y,1163,0,220
96.0,11275,Pave,7,1967,Gd,710,Y,2978,0,564
50.0,5000,Pave,5,1941,TA,720,N,803,0,360
32.0,10846,Pave,8,1993,Gd,1719,Y,1719,0,473
80.0,11600,Pave,6,1960,TA,1383,Y,1383,0,292
,11888,Pave,6,1916,TA,844,N,2134,0,441
60.0,6402,Pave,5,1920,TA,596,N,1192,0,189
,10624,Pave,5,1964,TA,1728,Y,1728,0,352
70.0,8176,Pave,5,1958,TA,1056,Y,1056,0,308
85.0,10655,Pave,8,2003,Gd,3206,Y,1629,0,880
59.0,8198,Pave,7,2004,Gd,1358,Y,1358,0,484
59.0,9042,Pave,6,1998,Gd,943,Y,1638,0,472
,164660,Grvl,5,1965,TA,1499,Y,1786,0,529
86.0,14157,Pave,9,2005,Ex,1922,Y,1922,0,676
70.0,9135,Pave,7,2002,Gd,1536,Y,1536,0,532
91.0,14145,Pave,7,1984,Gd,1208,Y,1621,0,440
66.0,12400,Pave,6,1958,TA,1215,Y,1215,0,297
85.0,14191,Pave,8,2002,Gd,967,Y,1908,0,431
60.0,8400,Pave,4,1950,TA,721,Y,841,0,294
,8544,Pave,3,1949,,0,N,1040,0,400
63.0,8849,Pave,9,2005,Ex,1684,Y,1684,0,564
36.0,2592,Pave,5,1976,Gd,536,Y,1112,0,336
65.0,6435,Pave,6,1939,TA,972,Y,1577,0,312
,12772,Pave,6,1960,TA,958,Y,958,0,301
,17600,Pave,6,1960,TA,1478,Y,1478,0,498
36.0,2448,Pave,7,2003,Gd,764,Y,1626,0,474
56.0,20431,Pave,9,2005,Ex,1848,Y,2728,0,706
68.0,7820,Pave,9,2007,Ex,1869,Y,1869,0,617
,5271,Pave,7,1986,Gd,1453,Y,1453,0,445
60.0,9084,Pave,5,1941,TA,616,N,1111,0,200
60.0,8520,Pave,6,1928,TA,624,Y,720,0,484
60.0,8400,Pave,6,1940,TA,940,Y,1595,0,240
105.0,11249,Pave,6,1995,Gd,1200,Y,1200,0,521
,9248,Pave,6,1992,Gd,1158,Y,1167,0,400
44.0,4224,Pave,5,1976,Gd,1142,Y,1142,0,528
92.0,6930,Pave,5,1958,TA,1062,Y,1352,0,288
78.0,12011,Pave,8,1998,Gd,1086,Y,1924,0,592
,7540,Pave,6,1978,Gd,888,Y,912,0,470
,9144,Pave,5,1940,TA,883,Y,1505,0,240
64.0,7301,Pave,7,2003,,0,Y,1922,0,672
21.0,1680,Pave,6,1972,TA,483,Y,987,0,264
,18800,Pave,6,1976,Gd,796,Y,1574,0,566
59.0,10690,Pave,5,1920,TA,672,Y,1344,0,468
,9500,Pave,6,1963,Gd,1394,Y,1394,0,514
101.0,9150,Pave,6,1962,Gd,1099,Y,1431,0,296
78.0,7800,Pave,5,1954,TA,1268,Y,1268,0,244
,9830,Pave,5,1959,TA,1063,Y,1287,0,576
,8121,Pave,6,2000,Gd,953,Y,1664,0,460
80.0,17120,Pave,4,1959,,0,Y,1588,0,680
50.0,7175,Pave,6,1984,Gd,744,Y,752,0,264
79.0,10634,Pave,5,1953,TA,608,Y,1319,0,270
65.0,8200,Pave,7,2003,Gd,847,Y,1928,0,434
,10020,Pave,1,1922,Fa,683,N,904,0,0
57.0,8846,Pave,5,1996,Gd,870,Y,914,0,576
102.0,11143,Pave,8,2004,Gd,1580,Y,2466,0,610
88.0,11394,Pave,9,2010,Ex,1856,Y,1856,0,834
60.0,8123,Pave,6,2000,Gd,982,Y,1800,0,463
50.0,5000,Pave,5,1924,TA,1026,Y,1691,0,308
60.0,7200,Pave,7,2006,Gd,1293,Y,1301,0,572
79.0,9245,Pave,7,2006,Gd,939,Y,1797,0,639
60.0,9000,Pave,6,1928,Fa,784,N,784,0,360
,53107,Pave,6,1992,Gd,1580,Y,1953,0,501
43.0,3182,Pave,8,2004,Gd,1256,Y,1269,0,430
58.0,8410,Pave,5,1910,TA,658,Y,1184,0,0
72.0,7200,Pave,6,1976,TA,1041,Y,1125,0,352
93.0,9382,Pave,7,1999,Gd,1468,Y,1479,0,577
96.0,12474,Pave,10,2007,Ex,1682,Y,2332,0,846
50.0,8405,Pave,5,1900,TA,861,Y,1367,0,384
71.0,12209,Pave,6,2001,Ex,804,Y,1961,0,560
,8339,Pave,5,1959,,0,Y,882,0,294
,7446,Pave,4,1941,TA,788,Y,788,0,0
60.0,10134,Pave,5,1940,TA,735,Y,1034,0,240
68.0,9571,Pave,5,1956,TA,1144,Y,1144,0,596
60.0,7200,Pave,5,1972,TA,894,Y,894,0,600
69.0,7590,Pave,5,1962,TA,864,Y,1812,0,264
60.0,8967,Pave,5,1920,Fa,961,Y,1077,0,338
65.0,8125,Pave,7,2006,Gd,1092,Y,1550,0,438
38.0,14963,Pave,8,1996,Gd,1260,Y,1288,0,500
65.0,8767,Pave,7,2005,Gd,1310,Y,1310,0,400
60.0,10200,Pave,5,1940,TA,672,Y,672,0,240
93.0,12090,Pave,8,1998,Gd,1141,Y,2263,0,420
,10364,Pave,6,1995,Gd,806,Y,1572,0,373
,9991,Pave,4,1976,TA,1281,Y,1620,0,490
51.0,10480,Pave,6,1936,TA,1064,Y,1639,0,240
63.0,15576,Pave,6,1915,Gd,840,Y,1680,0,308
109.0,14154,Pave,7,2006,Ex,1063,Y,2172,0,947
85.0,10800,Pave,8,2007,Ex,1034,Y,2078,0,836
68.0,9571,Pave,5,1958,TA,1276,Y,1276,0,350
100.0,34650,Pave,5,1955,TA,1056,N,1056,0,572
,4403,Pave,7,2009,Ex,1470,Y,1478,0,484
56.0,8960,Pave,5,1927,TA,1008,Y,1028,0,360
59.0,11228,Pave,7,1993,Gd,1080,Y,2097,0,678
73.0,8899,Pave,7,2007,Gd,1340,Y,1340,0,396
74.0,7844,Pave,6,1978,TA,672,Y,1400,0,440
86.0,22420,Pave,6,1918,Gd,1370,N,2624,0,864
60.0,8160,Pave,5,1940,TA,756,N,1134,0,240
65.0,8450,Pave,5,1968,TA,1056,Y,1056,0,304
78.0,7060,Pave,7,1997,Gd,1344,Y,1344,0,784
,16635,Pave,6,1977,Gd,1602,Y,1602,0,529
100.0,21750,Pave,5,1954,TA,988,Y,988,0,520
80.0,9200,Pave,8,1998,Gd,1470,Y,2630,0,696
72.0,9000,Pave,6,1956,Gd,1196,Y,1196,0,297
60.0,3378,Pave,7,1946,TA,651,Y,1389,0,240
,12800,Pave,7,1989,Gd,1518,Y,1644,0,569
77.0,8593,Pave,4,1957,TA,907,Y,907,0,352
64.0,6762,Pave,7,2007,Gd,1208,Y,1208,0,628
130.0,11457,Pave,6,1988,Gd,1392,Y,1412,0,576
21.0,1680,Pave,6,1971,TA,483,Y,987,0,264
60.0,5586,Pave,6,1920,TA,901,Y,1198,0,0
24.0,1920,Pave,5,1971,TA,765,Y,1365,0,440
100.0,10839,Pave,6,1997,Gd,926,Y,1604,0,470
21.0,1890,Pave,4,1972,Gd,630,Y,630,0,0
43.0,10667,Pave,7,1996,Gd,799,Y,1661,0,550
40.0,4400,Pave,6,1920,Fa,648,Y,1118,0,440
50.0,6000,Pave,6,1926,TA,884,Y,904,0,180
40.0,4280,Pave,5,1913,TA,440,N,694,0,352
67.0,12354,Pave,6,1920,TA,684,Y,1196,0,528
105.0,15431,Pave,10,2008,Ex,3094,Y,2402,0,672
92.0,12108,Pave,4,1955,TA,1440,N,1440,0,0
52.0,6240,Pave,5,1930,TA,1078,Y,1573,0,360
53.0,3922,Pave,7,2006,Ex,1258,Y,1258,0,648
70.0,8750,Pave,7,1994,Gd,915,Y,1908,0,493
73.0,9855,Pave,6,1956,TA,1436,Y,1689,0,480
137.0,16492,Pave,6,1966,TA,1517,Y,1888,0,578
,11214,Pave,7,1998,Gd,930,Y,1886,0,431
50.0,8600,Pave,6,1937,TA,780,Y,1376,0,198
50.0,6000,Pave,3,1948,TA,649,Y,1183,0,308
70.0,5684,Pave,6,1930,TA,813,Y,813,0,270
62.0,70761,Pave,7,1975,Gd,1533,Y,1533,0,576
,9303,Pave,6,1996,Ex,872,Y,1756,0,422
75.0,9000,Pave,8,2008,Gd,768,Y,1590,0,676
63.0,9297,Pave,5,1976,TA,1728,Y,1728,0,560
80.0,9600,Pave,7,1973,TA,1242,Y,1242,0,528
34.0,4571,Pave,5,1916,TA,624,N,1344,0,513
,53227,Pave,4,1954,Gd,1364,Y,1663,0,529
,5100,Pave,8,1925,TA,588,Y,1666,0,228
,7015,Pave,5,1950,TA,709,Y,1203,0,352
75.0,8004,Pave,8,2009,Gd,832,Y,1935,0,552
60.0,7200,Pave,7,1936,Gd,560,Y,1135,0,576
60.0,8281,Pave,5,1965,TA,864,Y,864,0,360
74.0,11988,Pave,6,1934,TA,715,Y,1660,0,240
60.0,8430,Pave,5,1978,Gd,1040,Y,1040,0,0
,3072,Pave,7,2004,Gd,1375,Y,1414,0,398
85.0,10628,Pave,7,1970,TA,1277,Y,1277,0,526
79.0,9480,Pave,5,1942,TA,728,Y,1644,0,312
98.0,11428,Pave,8,2006,Gd,1626,Y,1634,0,866
76.0,9291,Pave,6,1993,Gd,832,Y,1710,0,506
,6820,Pave,8,1985,Gd,1488,Y,1502,0,528
92.0,11952,Pave,7,1977,Gd,808,Y,1969,0,534
35.0,3675,Pave,6,2005,Gd,547,Y,1072,0,525
110.0,14977,Pave,8,2006,Ex,1976,Y,1976,0,908
41.0,5330,Pave,8,2000,Gd,1494,Y,1652,0,499
80.0,8480,Pave,5,1963,TA,970,Y,970,0,624
75.0,13125,Pave,6,1997,Gd,1478,Y,1493,0,508
105.0,13693,Pave,9,2006,Gd,2153,Y,2643,0,694
79.0,10637,Pave,8,2007,Ex,1705,Y,1718,0,826
50.0,5925,Pave,4,1937,Fa,907,Y,1131,0,672
98.0,16033,Pave,9,2004,Ex,1833,Y,1850,0,772
72.0,11846,Pave,9,2003,Ex,1792,Y,1792,0,874
50.0,2500,Pave,7,1915,TA,910,Y,1826,0,164
32.0,4500,Pave,6,1998,Ex,1216,Y,1216,0,402
,7758,Pave,5,1962,TA,999,Y,999,0,264
80.0,9600,Pave,5,1950,TA,1113,Y,1113,0,264
79.0,10289,Pave,5,1965,TA,1073,Y,1073,0,515
70.0,12243,Pave,5,1971,Gd,1484,Y,1484,0,487
60.0,10800,Pave,5,1900,TA,954,N,2414,0,520
21.0,1526,Pave,4,1970,Gd,630,Y,630,0,286
,2665,Pave,5,1976,Gd,264,Y,1304,0,336
79.0,9490,Pave,6,1941,TA,806,Y,1578,0,240
105.0,15578,Pave,6,2006,Gd,728,Y,1456,0,429
70.0,7931,Pave,5,1960,TA,1269,Y,1269,0,308
50.0,5784,Pave,5,1938,Fa,190,Y,886,0,273
60.0,7879,Pave,4,1920,TA,720,N,720,0,0
,12692,Pave,8,1992,Gd,3200,Y,3228,0,546
60.0,9120,Pave,7,1925,TA,1026,Y,1820,0,240
65.0,7800,Pave,5,1967,TA,864,Y,899,0,288
70.0,7535,Pave,5,1958,TA,912,Y,912,0,297
21.0,1890,Pave,6,1973,TA,672,Y,1218,0,264
75.0,9803,Pave,7,2005,Gd,866,Y,1768,0,603
70.0,9170,Pave,5,1965,TA,1214,Y,1214,0,461
100.0,15602,Pave,7,1959,TA,1501,Y,1801,0,484
24.0,2308,Pave,6,1974,TA,855,Y,1322,0,440
60.0,7596,Pave,5,1952,TA,960,Y,1960,0,400
80.0,9554,Pave,8,1993,Gd,777,Y,1911,0,471
75.0,7862,Pave,6,2009,Gd,1218,Y,1218,0,676
60.0,9600,Pave,7,1928,TA,689,Y,1378,0,360
80.0,9600,Pave,5,1959,TA,1041,Y,1041,0,270
75.0,14559,Pave,5,1951,TA,1008,Y,1363,0,288
40.0,6792,Pave,7,2005,Gd,1368,Y,1368,0,474
70.0,9100,Pave,5,1958,TA,864,Y,864,0,624
71.0,9187,Pave,6,1983,TA,1084,Y,1080,0,484
55.0,10594,Pave,5,1926,TA,768,N,789,0,200
94.0,12220,Pave,10,2009,Ex,2006,Y,2020,0,900
,10448,Pave,6,1972,TA,689,Y,2119,0,583
79.0,10208,Pave,7,1996,Gd,1264,Y,2344,0,889
,9531,Pave,6,1998,Gd,794,Y,1796,0,546
53.0,10918,Pave,7,1926,Gd,1276,Y,2080,0,282
60.0,10800,Pave,4,1900,,0,N,1294,0,0
90.0,11988,Pave,6,1957,TA,1244,Y,1244,0,336
50.0,5000,Pave,6,1947,TA,1004,Y,1664,0,420
130.0,40094,Pave,10,2007,Ex,3138,Y,4676,0,884
95.0,11787,Pave,7,1996,Gd,1379,Y,2398,0,834
62.0,7500,Pave,7,2005,Gd,1257,Y,1266,0,453
70.0,13300,Pave,5,1956,Gd,928,Y,928,0,252
67.0,14948,Pave,9,2008,Ex,1452,Y,2713,0,858
58.0,9098,Pave,4,1920,TA,528,Y,605,0,0
,32668,Pave,6,1957,TA,2035,Y,2515,0,484
85.0,10200,Pave,6,1988,Gd,1461,Y,1509,0,600
60.0,6155,Pave,6,1920,Fa,611,Y,1362,0,502
60.0,7200,Pave,5,1955,,0,Y,827,0,392
50.0,5000,Pave,1,1946,,0,N,334,0,0
74.0,9056,Pave,8,2004,Ex,707,Y,1414,0,403
70.0,7000,Pave,5,1910,Gd,1117,Y,1347,0,0
57.0,8924,Pave,7,1998,Gd,880,Y,1724,0,527
,12735,Pave,4,1972,TA,864,Y,864,0,576
,11553,Pave,5,1968,TA,1051,Y,1159,0,336
,11423,Pave,8,2001,Gd,1581,Y,1601,0,670
85.0,14601,Pave,9,2006,Ex,1838,Y,1838,0,765
,11000,Pave,8,2000,Gd,969,Y,2285,0,648
78.0,10140,Pave,7,1998,Ex,1650,Y,1680,0,583
34.0,4058,Pave,7,1998,Gd,723,Y,767,0,367
58.0,17104,Pave,7,2006,Gd,654,Y,1496,0,426
,13837,Pave,7,1988,Gd,1204,Y,2183,0,786
70.0,8737,Pave,6,1923,Gd,1065,Y,1635,0,440
54.0,7244,Pave,5,1970,Gd,768,Y,768,0,624
49.0,8235,Pave,5,1955,TA,825,Y,825,0,720
75.0,9375,Pave,7,2003,Gd,912,Y,2094,0,615
53.0,4043,Pave,6,1977,Gd,1069,Y,1069,0,440
50.0,6000,Pave,5,1957,TA,928,Y,928,0,288
87.0,11146,Pave,8,2006,Ex,1709,Y,1717,0,908
67.0,8777,Pave,4,1949,,0,Y,1126,0,520
85.0,10625,Pave,7,2003,Gd,998,Y,2046,0,871
58.0,6380,Pave,5,1922,TA,993,Y,1048,0,280
69.0,14850,Pave,5,1957,TA,1092,Y,1092,0,299
60.0,11040,Pave,4,1920,TA,637,Y,1336,0,570
57.0,21872,Pave,7,1996,Gd,729,Y,1446,0,406
,3196,Pave,7,2003,Gd,1374,Y,1557,0,420
,11341,Pave,5,1957,Gd,1392,Y,1392,0,528
77.0,10010,Pave,5,1974,Gd,1389,Y,1389,0,418
63.0,13907,Pave,5,1940,TA,996,Y,996,0,0
66.0,21780,Pave,6,1918,Gd,1163,Y,1674,0,396
,13346,Pave,7,1992,Gd,1095,Y,2295,0,590
66.0,6858,Pave,6,1915,Gd,806,N,1647,0,216
77.0,11198,Pave,9,2005,Gd,1122,Y,2504,0,656
70.0,10171,Pave,7,2004,Gd,1517,Y,1535,0,532
79.0,12327,Pave,8,1983,Gd,1496,Y,2132,0,612
,7032,Pave,5,1979,Gd,943,Y,943,0,600
74.0,13101,Pave,5,1965,TA,1728,Y,1728,0,576
60.0,7332,Pave,6,1959,TA,864,Y,864,0,288
83.0,13159,Pave,7,2009,Ex,846,Y,1692,0,650
76.0,9967,Pave,7,2000,Gd,384,Y,1430,0,400
70.0,10500,Pave,5,1971,TA,372,Y,1109,0,288
80.0,8480,Pave,5,1947,TA,832,Y,1216,0,336
52.0,6292,Pave,7,1928,TA,861,Y,1477,0,216
96.0,11777,Pave,5,1966,TA,1164,Y,1320,0,564
34.0,3604,Pave,7,2007,Gd,689,Y,1392,0,540
81.0,12150,Pave,5,1954,TA,1050,N,1795,0,352
,14585,Pave,6,1960,TA,1144,Y,1429,0,572
98.0,12704,Pave,8,2008,Ex,2042,Y,2042,0,1390
81.0,11841,Grvl,6,1990,Gd,816,Y,816,0,0
75.0,13500,Pave,10,1893,TA,1237,Y,2775,0,880
51.0,6120,Pave,4,1935,TA,884,Y,1573,0,240
88.0,11443,Pave,8,2005,Ex,1868,Y,2028,0,880
55.0,10267,Pave,6,1918,TA,816,Y,838,0,275
74.0,8740,Pave,5,1982,TA,840,Y,860,0,528
65.0,25095,Pave,5,1968,TA,1437,Y,1473,0,452
50.0,9100,Pave,5,1930,TA,742,Y,935,0,308
64.0,8320,Pave,7,2004,Gd,770,Y,1582,0,520
97.0,13478,Pave,10,2008,Ex,1722,Y,2296,0,842
60.0,6600,Pave,5,1982,TA,816,Y,816,0,816
,4435,Pave,6,2003,Gd,848,Y,848,0,420
88.0,7990,Pave,5,1975,Gd,924,Y,924,0,280
69.0,11302,Pave,8,2005,Gd,1814,Y,1826,0,758
60.0,3600,Pave,6,1910,TA,684,N,1368,0,216
53.0,3922,Pave,7,2006,Ex,1258,Y,1402,0,648
80.0,12984,Pave,5,1977,Gd,1430,Y,1647,0,621
24.0,1950,Pave,6,1980,Gd,716,Y,1556,0,452
74.0,10927,Pave,8,2005,Gd,1058,Y,1904,0,736
50.0,9000,Pave,6,1937,TA,780,Y,1375,0,544
80.0,10041,Pave,8,1992,Gd,908,Y,1915,0,506
30.0,3182,Pave,7,2004,Gd,600,Y,1200,0,480
88.0,12803,Pave,7,2002,Gd,1494,Y,1494,0,530
85.0,13600,Pave,7,1965,TA,768,Y,1986,0,486
82.0,12464,Pave,5,1996,Gd,1040,Y,1040,0,576
78.0,7800,Pave,5,1948,TA,896,Y,2008,0,230
78.0,12168,Pave,8,1934,Gd,965,Y,3194,0,380
61.0,7943,Pave,4,1961,TA,1029,Y,1029,0,261
,11050,Pave,9,2000,Ex,1440,Y,2153,0,736
,10395,Pave,6,1978,Gd,1032,Y,1032,0,564
,11885,Pave,8,2001,Gd,1299,Y,1872,0,531
70.0,8402,Pave,5,2007,Gd,1120,Y,1120,0,0
21.0,1491,Pave,4,1972,Gd,630,Y,630,0,0
80.0,8800,Pave,6,1963,TA,936,Y,1054,0,480
,7861,Pave,6,2002,Gd,783,Y,1509,0,393
59.0,7227,Pave,6,1954,TA,832,Y,832,0,528
90.0,11694,Pave,9,2007,Ex,1822,Y,1828,0,774
85.0,12244,Pave,8,2003,Gd,1482,Y,2262,0,749
45.0,8248,Pave,3,1914,TA,864,N,864,0,0
90.0,10800,Pave,6,1974,TA,1522,Y,2614,0,624
71.0,7064,Pave,5,1977,TA,980,Y,980,0,484
,2117,Pave,6,2000,Gd,756,Y,1512,0,440
80.0,10400,Pave,6,1972,TA,732,Y,1790,0,484
87.0,10000,Pave,6,1962,TA,1116,Y,1116,0,440
,12342,Pave,5,1960,TA,978,Y,1422,0,286
80.0,9600,Pave,6,1955,TA,1156,Y,1520,0,364
70.0,11606,Pave,5,1969,Gd,1040,Y,2080,0,504
82.0,9020,Pave,6,1964,TA,1248,Y,1350,0,520
50.0,9000,Pave,5,1880,Fa,636,Y,1750,0,240
34.0,4590,Pave,8,2006,Gd,1554,Y,1554,0,627
85.0,11900,Pave,7,1977,TA,1386,Y,1411,0,544
80.0,9250,Pave,5,1954,TA,1056,Y,1056,0,260
64.0,6979,Pave,6,1980,TA,1056,Y,1056,0,576
60.0,10896,Pave,6,1914,TA,1440,Y,3395,0,0
51.0,6120,Pave,2,1936,TA,264,N,800,0,0
50.0,6000,Pave,5,1954,TA,811,Y,1387,0,256
67.0,8777,Pave,5,1910,Fa,796,Y,796,0,0
53.0,3982,Pave,8,2006,Gd,1520,Y,1567,0,648
62.0,12677,Pave,8,2003,Ex,1518,Y,1518,0,588
,7050,Pave,7,2001,Gd,1057,Y,1929,0,650
75.0,13860,Pave,8,1972,Gd,1952,Y,2704,0,538
80.0,10793,Pave,5,1969,TA,780,Y,1620,0,462
85.0,9187,Pave,9,2009,Ex,1766,Y,1766,0,478
,10530,Pave,6,1971,TA,981,Y,981,0,576
60.0,7200,Pave,5,1950,,0,Y,1048,0,420
85.0,10452,Pave,6,1953,TA,1094,Y,1094,0,495
70.0,7700,Pave,6,1966,TA,756,Y,1839,0,442
21.0,1936,Pave,4,1970,Gd,630,Y,630,0,0
65.0,8125,Pave,7,2007,Gd,813,Y,1665,0,562
60.0,9084,Pave,4,1940,TA,755,Y,1510,0,296
70.0,8750,Pave,7,1996,Gd,880,Y,1716,0,512
60.0,10320,Pave,6,1906,TA,756,Y,1469,0,216
91.0,10437,Pave,8,1995,Gd,2109,Y,2113,0,839
21.0,1680,Pave,6,1971,TA,525,Y,1092,0,264
72.0,10007,Pave,5,1959,TA,1053,Y,1053,0,312
60.0,7200,Pave,7,1931,Gd,776,Y,1502,0,270
78.0,17503,Pave,6,1948,TA,912,Y,1458,0,330
75.0,9937,Pave,5,1964,TA,1486,Y,1486,0,480
,12384,Pave,7,1976,Gd,793,Y,1935,0,550
52.0,46589,Pave,8,1994,Gd,1629,Y,2448,0,711
120.0,13560,Pave,6,1968,Fa,1392,Y,1392,0,576
90.0,10012,Pave,4,1972,Gd,1138,Y,1181,0,588
49.0,20896,Pave,8,2005,Ex,2077,Y,2097,0,1134
106.0,11194,Pave,8,2000,Gd,1406,Y,1936,0,504
,18450,Pave,6,1965,Gd,1021,Y,2380,0,596
65.0,8125,Pave,6,1994,Gd,1408,Y,1679,0,575
,14175,Pave,5,1956,TA,1188,Y,1437,0,576
80.0,11600,Pave,4,1922,Fa,700,Y,1180,0,252
64.0,8633,Pave,6,2005,Gd,738,Y,1476,0,540
54.0,6629,Pave,6,1925,TA,672,N,1369,0,300
,11250,Pave,6,1977,Gd,1208,Y,1208,0,546
110.0,14442,Pave,6,1957,TA,1477,Y,1839,0,416
80.0,9200,Pave,6,1965,TA,1136,Y,1136,0,384
24.0,2289,Pave,6,1978,TA,855,Y,1441,0,440
60.0,9600,Pave,4,1900,TA,1095,N,1774,0,779
52.0,9022,Pave,5,1924,TA,768,Y,792,0,240
80.0,11844,Pave,8,2008,Ex,2046,Y,2046,0,834
,9945,Pave,5,1961,TA,988,Y,988,0,572
50.0,8012,Pave,6,1980,Gd,923,Y,923,0,264
55.0,4500,Pave,5,1932,TA,793,Y,1520,0,281
,2887,Pave,6,1996,Gd,1291,Y,1291,0,431
90.0,11248,Pave,9,2002,Gd,1626,Y,1668,0,702
58.0,16770,Pave,7,1998,Gd,1195,Y,1839,0,486
,5062,Pave,7,1984,Gd,1190,Y,2090,0,577
84.0,10207,Pave,7,2007,Gd,874,Y,1761,0,578
,5105,Pave,7,2004,Gd,551,Y,1102,0,480
60.0,8089,Pave,8,2007,Gd,1419,Y,1419,0,567
61.0,7577,Pave,6,2005,Gd,1362,Y,1362,0,460
,4426,Pave,6,2004,Gd,848,Y,848,0,420
104.0,21535,Pave,10,1994,Ex,2444,Y,4316,0,832
42.0,26178,Pave,7,1989,Gd,1210,Y,2519,0,628
60.0,5400,Pave,5,1921,TA,1073,Y,1073,0,326
51.0,6120,Pave,5,1936,TA,927,Y,1539,0,576
54.0,13811,Pave,6,1987,Gd,1112,Y,1137,0,551
50.0,6000,Pave,5,1921,TA,616,Y,616,0,205
57.0,6420,Pave,5,1952,Ex,980,Y,1148,0,308
65.0,8450,Pave,5,1965,TA,894,Y,894,0,336
59.0,4282,Pave,7,2004,Gd,1391,Y,1391,0,530
85.0,14331,Pave,8,2002,Ex,1800,Y,1800,0,765
80.0,9600,Pave,7,1969,TA,1164,Y,1164,0,528
82.0,12438,Pave,8,2006,Ex,1234,Y,2576,0,666
76.0,7630,Pave,5,1900,Gd,360,Y,1812,0,672
70.0,8400,Pave,7,2004,Gd,1473,Y,1484,0,606
70.0,5600,Pave,4,1930,,0,N,1092,0,0
,115149,Pave,7,1971,Gd,1643,Y,1824,0,739
48.0,6240,Pave,8,2006,Gd,1324,Y,1324,0,550
65.0,9018,Pave,7,2007,Gd,728,Y,1456,0,400
,7162,Pave,5,1966,TA,876,Y,904,0,408
56.0,4130,Pave,3,1935,TA,270,Y,729,0,0
66.0,8712,Pave,4,1900,TA,859,Y,1178,0,384
40.0,4671,Pave,8,1988,Gd,1228,Y,1228,0,472
60.0,9873,Pave,4,1970,TA,960,N,960,0,576
,13517,Pave,6,1976,TA,725,Y,1479,0,475
78.0,10140,Pave,6,1974,Gd,1064,Y,1350,0,478
60.0,10800,Pave,7,1890,TA,718,Y,2554,0,704
80.0,10000,Pave,5,1973,Gd,1176,Y,1178,0,439
96.0,10542,Pave,7,1993,Gd,1311,Y,2418,0,983
69.0,9920,Pave,5,1969,Gd,971,Y,971,0,300
,6563,Pave,8,1985,Gd,1742,Y,1742,0,564
,4426,Pave,6,2004,Gd,848,Y,848,0,420
70.0,8120,Pave,4,1970,TA,864,Y,864,0,463
60.0,8172,Pave,4,1954,TA,941,Y,1470,0,548
86.0,13286,Pave,9,2007,Ex,1698,Y,1698,0,768
60.0,6960,Pave,4,1970,TA,864,Y,864,0,660
,21695,Pave,6,1988,Gd,880,Y,1680,0,540
64.0,7314,Pave,7,2007,Gd,1232,Y,1232,0,632
85.0,11475,Pave,5,1958,TA,1584,Y,1776,0,888
52.0,6240,Pave,4,1925,TA,780,Y,1208,0,539
39.0,5389,Pave,8,1995,Gd,1595,Y,1616,0,608
73.0,9590,Pave,7,2003,Ex,868,Y,1146,0,438
75.0,11404,Pave,7,1998,Gd,1153,Y,2031,0,541
80.0,10000,Pave,5,1961,TA,864,Y,1144,0,264
,8978,Pave,5,1968,TA,948,Y,948,0,300
60.0,10800,Pave,7,1914,Gd,880,N,1768,0,320
60.0,8544,Pave,3,1950,,0,N,1040,0,400
72.0,10463,Pave,8,2005,Gd,893,Y,1801,0,800
60.0,10800,Pave,5,1987,Gd,1200,Y,1200,0,0
65.0,9313,Pave,7,2004,Gd,864,Y,1728,0,572
60.0,9600,Pave,5,1910,Fa,264,Y,1432,0,360
65.0,6768,Pave,6,1961,TA,912,Y,912,0,288
65.0,8450,Pave,7,2000,Gd,1349,Y,1349,0,539
70.0,12886,Pave,5,1963,Gd,520,Y,1464,0,480
41.0,5395,Pave,8,1993,Gd,1337,Y,1337,0,462
,8963,Pave,8,1976,TA,1142,Y,2715,0,831
,8795,Pave,7,2000,Gd,952,Y,2256,0,554
65.0,11700,Pave,7,1880,TA,1240,N,2640,0,864
59.0,10593,Pave,7,1996,Gd,1720,Y,1720,0,527
50.0,8405,Pave,4,1945,,0,N,1529,0,240
55.0,8800,Pave,4,1910,TA,576,Y,1140,0,0
,7750,Pave,7,2003,Gd,660,Y,1320,0,400
79.0,9236,Pave,6,1997,Gd,1479,Y,1494,0,576
80.0,10240,Pave,8,2005,Gd,1030,Y,2098,0,878
61.0,7930,Pave,6,1969,TA,1026,Y,1026,0,440
34.0,3230,Pave,6,1999,Gd,729,Y,1471,0,440
68.0,10769,Pave,8,2007,Gd,866,Y,1768,0,578
,11616,Pave,6,1978,TA,672,Y,1386,0,440
24.0,2280,Pave,7,1999,Gd,744,Y,1501,0,440
65.0,12257,Pave,8,1995,Gd,1318,Y,2531,0,752
70.0,9100,Pave,6,1959,TA,864,Y,864,0,300
60.0,6911,Pave,5,1924,TA,1145,Y,1301,0,440
72.0,8640,Pave,7,2009,Gd,756,Y,1547,0,614
82.0,9430,Pave,8,1999,Gd,1252,Y,2365,0,856
30.0,9549,Pave,8,1995,Gd,1494,Y,1494,0,481
75.0,14587,Pave,9,2008,Gd,1498,Y,1506,0,592
80.0,10421,Pave,7,1988,Gd,980,Y,1714,0,496
75.0,12508,Pave,6,1940,Gd,983,Y,1750,0,423
70.0,9100,Pave,7,2004,Gd,1860,Y,1836,0,484
47.0,53504,Pave,8,2003,Gd,1650,Y,3279,0,841
,7252,Pave,5,1982,Gd,858,Y,858,0,576
67.0,8877,Pave,4,1951,Fa,836,Y,1220,0,396
94.0,7819,Pave,6,1976,TA,1029,Y,1117,0,672
70.0,10150,Pave,5,1958,TA,912,Y,912,0,275
110.0,14226,Pave,8,2006,Gd,1935,Y,1973,0,895
32.0,4500,Pave,6,1998,Ex,1204,Y,1204,0,412
86.0,11210,Pave,7,2005,Gd,1614,Y,1614,0,865
100.0,13350,Pave,5,1974,TA,864,Y,894,0,440
60.0,8400,Pave,5,1977,,0,Y,2020,0,630
78.0,10530,Pave,6,1977,Gd,975,Y,1004,0,504
63.0,7875,Pave,7,1995,Gd,1237,Y,1253,0,402
65.0,7153,Pave,6,1992,Gd,761,Y,1603,0,484
67.0,16285,Pave,7,2001,Gd,1413,Y,1430,0,605
,9101,Pave,5,1978,Gd,1097,Y,1110,0,602
35.0,6300,Pave,6,1914,TA,742,Y,1484,0,0
,9790,Pave,6,1967,TA,1372,Y,1342,0,457
60.0,10800,Pave,5,1915,Fa,686,Y,1652,0,416
76.0,10142,Pave,7,2004,Gd,956,Y,2084,0,618
50.0,6000,Pave,4,1954,TA,901,Y,901,0,281
,12205,Pave,6,1966,TA,832,Y,2087,0,444
43.0,3182,Pave,7,2005,Gd,1145,Y,1145,0,397
,11333,Pave,6,1976,Gd,1029,Y,1062,0,539
92.0,9920,Pave,7,1996,Gd,1117,Y,2013,0,455
76.0,9158,Pave,8,2007,Gd,1496,Y,1496,0,474
,10832,Pave,7,1994,Gd,712,Y,1895,0,409
70.0,8400,Pave,6,1980,Gd,650,Y,1564,0,476
71.0,8197,Pave,6,1977,TA,660,Y,1285,0,528
57.0,7677,Pave,5,1953,TA,773,Y,773,0,240
104.0,13518,Pave,9,2008,Ex,1926,Y,3140,0,820
60.0,7200,Pave,5,1937,Gd,731,Y,1768,0,240
79.0,12798,Pave,6,1997,Gd,616,Y,1688,0,603
40.0,4800,Pave,4,1916,TA,1196,Y,1196,0,440
63.0,8199,Pave,7,2005,Gd,728,Y,1456,0,410
107.0,13891,Pave,9,2008,Ex,1734,Y,2822,0,1020
75.0,9000,Pave,5,1954,TA,936,Y,1128,0,286
91.0,12274,Pave,7,2008,Gd,1417,Y,1428,0,554
75.0,9750,Pave,5,1967,TA,980,Y,980,0,384
144.0,21384,Pave,5,1923,TA,1324,Y,1576,0,528
85.0,13400,Pave,5,1966,TA,1024,Y,1086,0,484
90.0,8100,Pave,5,1898,TA,849,N,2138,0,360
78.0,10140,Pave,6,1974,TA,1040,Y,1309,648,484
,4438,Pave,6,2004,Gd,848,Y,848,0,420
66.0,8712,Grvl,5,1952,TA,540,N,1044,0,504
75.0,9750,Pave,6,1958,TA,1442,Y,1442,0,301
45.0,8248,Pave,5,1918,TA,686,Y,1250,0,280
48.0,12137,Pave,7,1998,Gd,1649,Y,1661,0,598
,11425,Pave,5,1954,TA,1008,Y,1008,0,275
,13265,Pave,8,2002,Gd,1568,Y,1689,0,857
80.0,8816,Pave,6,1971,TA,1010,Y,1052,0,440
44.0,6371,Pave,7,2009,Gd,1358,Y,1358,0,484
72.0,7226,Pave,7,2003,Gd,798,Y,1640,0,595
60.0,6000,Pave,4,1953,Fa,936,N,936,0,576
,12394,Pave,7,2003,Gd,847,Y,1733,0,433
60.0,9900,Pave,6,1940,TA,778,Y,1489,0,240
81.0,11216,Pave,8,2006,Gd,1489,Y,1489,0,776
114.0,14803,Pave,10,2007,Ex,2078,Y,2084,0,1220
50.0,6130,Pave,5,1924,TA,784,Y,784,0,0
65.0,8529,Pave,7,2001,Gd,1454,Y,1434,0,527
,28698,Pave,5,1967,TA,1013,Y,2126,0,538
24.0,2544,Pave,7,2005,Gd,600,Y,1223,0,480
80.0,11900,Pave,6,1957,TA,1392,Y,1392,0,458
30.0,3180,Pave,7,2005,Gd,600,Y,1200,0,480
44.0,9548,Pave,7,2003,Gd,941,Y,1829,0,613
100.0,10004,Pave,6,1964,TA,1516,Y,1516,0,472
75.0,7875,Pave,5,1961,TA,1144,Y,1144,0,456
60.0,9600,Pave,4,1950,Gd,1067,Y,1067,0,436
90.0,8100,Pave,5,1948,TA,1559,Y,1559,0,812
21.0,1680,Pave,6,1973,TA,483,Y,987,0,264
75.0,9525,Pave,5,1995,Gd,1099,Y,1099,0,352
70.0,11767,Pave,5,1946,TA,768,Y,1200,0,240
,12155,Pave,6,1925,TA,672,N,1482,0,400
60.0,10440,Pave,5,1904,TA,650,Y,1539,0,686
82.0,9020,Pave,6,1966,TA,1127,Y,1165,0,490
80.0,8000,Pave,5,1961,TA,1800,N,1800,0,0
100.0,12665,Pave,5,1915,TA,876,Y,1416,0,720
,16647,Pave,5,1975,Gd,1390,Y,1701,0,611
75.0,9317,Pave,7,1993,Gd,740,Y,1775,0,425
36.0,15523,Pave,5,1972,TA,864,Y,864,0,338
75.0,45600,Pave,6,1908,TA,907,Y,2358,0,360
80.0,9600,Pave,6,1976,TA,528,Y,1855,0,512
36.0,4435,Pave,6,2003,Gd,848,Y,848,0,420
,3196,Pave,8,2003,Gd,1273,Y,1456,0,400
53.0,7128,Pave,7,1941,TA,918,Y,1646,0,240
,12095,Pave,6,1964,TA,1127,Y,1445,0,645
102.0,17920,Pave,5,1955,TA,1763,Y,1779,0,454
,6897,Pave,5,1962,TA,1040,Y,1040,0,260
,10970,Pave,6,1978,Gd,940,Y,1026,0,576
65.0,8125,Pave,6,1994,Gd,702,Y,1481,0,343
80.0,10400,Pave,7,1976,Gd,1090,Y,1370,0,479
,11029,Pave,6,1968,TA,1054,Y,2654,0,619
55.0,7642,Pave,7,1918,TA,912,Y,1426,0,216
75.0,11625,Pave,5,1965,TA,1039,Y,1039,0,504
81.0,9672,Pave,6,1984,Gd,1040,Y,1097,0,480
70.0,7931,Pave,5,1959,TA,1148,Y,1148,0,672
72.0,8640,Pave,7,2007,Ex,1372,Y,1372,0,529
,8750,Pave,5,1970,TA,1002,Y,1002,0,902
67.0,10656,Pave,8,2006,Gd,1638,Y,1646,0,870
85.0,6970,Pave,4,1961,TA,1040,Y,1120,0,544
,14762,Pave,5,1948,,0,Y,2320,0,672
80.0,9938,Pave,7,1993,Gd,1050,Y,1949,0,574
60.0,6600,Pave,5,1962,TA,894,N,894,0,308
70.0,8750,Pave,6,1998,Gd,804,Y,1682,0,523
74.0,8892,Pave,5,1953,TA,105,Y,910,0,414
60.0,12144,Pave,5,1949,TA,832,Y,1268,0,288
52.0,5720,Pave,5,1941,TA,676,Y,1131,0,200
75.0,9000,Pave,8,2007,Gd,1184,Y,2610,0,550
94.0,25286,Pave,4,1963,TA,1064,Y,1040,0,648
74.0,8834,Pave,9,2004,Ex,1462,Y,2224,0,738
88.0,11782,Pave,5,1961,TA,1109,Y,1155,0,576
,7000,Pave,5,1978,TA,864,Y,864,0,336
60.0,7024,Pave,5,2005,Ex,1090,Y,1090,0,450
44.0,13758,Pave,7,1990,Gd,1156,Y,1717,0,400
,9636,Pave,6,1992,Gd,808,Y,1593,0,389
60.0,6204,Pave,4,1912,TA,795,N,2230,0,440
65.0,7150,Pave,5,1967,TA,892,Y,892,0,288
50.0,5119,Pave,9,1999,Ex,1698,Y,1709,0,506
70.0,8393,Pave,5,1959,TA,1626,Y,1712,0,588
59.0,16466,Pave,5,1955,TA,816,Y,1393,0,300
95.0,15865,Pave,8,1970,TA,2217,Y,2217,0,621
128.0,12160,Pave,6,1953,TA,1505,Y,1505,0,505
60.0,8064,Pave,5,1949,TA,672,Y,924,0,576
70.0,11184,Pave,6,1978,TA,918,Y,1683,0,440
70.0,8414,Pave,6,1963,TA,1059,Y,1068,0,264
,13284,Pave,5,1954,Gd,1383,Y,1383,0,354
64.0,7018,Pave,5,1979,,0,Y,1535,0,400
71.0,7056,Pave,6,1963,TA,780,Y,1796,0,483
50.0,8765,Pave,4,1936,TA,951,N,951,0,327
64.0,7018,Pave,5,1979,,0,Y,2240,0,528
100.0,12919,Pave,9,2009,Ex,2330,Y,2364,0,820
65.0,6993,Pave,5,1961,TA,912,Y,1236,0,288
,7340,Pave,4,1971,TA,858,Y,858,0,684
64.0,8712,Pave,5,1957,TA,992,Y,1306,0,756
63.0,7875,Pave,7,2003,Gd,783,Y,1509,0,393
50.0,14859,Pave,7,2006,Gd,1670,Y,1670,0,690
,6173,Pave,5,1967,TA,876,Y,902,0,288
80.0,9920,Pave,5,1954,TA,1056,Y,1063,0,280
116.0,13501,Pave,8,2006,Gd,1623,Y,1636,0,865
86.0,11500,Pave,7,1936,Gd,1017,Y,2057,0,180
,8885,Pave,5,1983,Gd,864,Y,902,0,484
149.0,12589,Pave,6,2005,Gd,742,Y,1484,0,390
80.0,11600,Pave,5,1960,TA,1105,Y,2274,0,480
,9286,Pave,5,1977,Gd,1268,Y,1268,0,252
51.0,6120,Pave,5,1925,TA,768,N,1015,0,450
82.0,6270,Pave,5,1949,TA,1001,N,2002,0,871
30.0,3000,Pave,6,2009,Gd,612,Y,1224,0,528
21.0,2001,Pave,4,1970,TA,546,Y,1092,0,286
50.0,9000,Pave,2,1949,TA,480,N,480,0,308
,17140,Pave,4,1956,TA,1134,Y,1229,0,284
103.0,13125,Pave,7,1991,Ex,1104,Y,2127,0,833
87.0,11029,Pave,6,1958,Gd,1184,Y,1414,0,601
70.0,8462,Pave,6,1994,Gd,928,Y,1721,0,471
67.0,8777,Pave,5,1900,TA,1272,Y,2200,0,0
65.0,10237,Pave,6,2005,Gd,1316,Y,1316,0,397
50.0,8012,Pave,6,1993,Gd,1604,Y,1617,0,533
79.0,10240,Pave,6,1980,Gd,1686,Y,1686,0,612
,15611,Pave,5,1977,Gd,1126,Y,1126,0,540
93.0,11999,Pave,8,2003,Gd,1181,Y,2374,0,656
,9900,Pave,7,1968,TA,832,Y,1978,0,486
,11838,Pave,8,2001,Gd,1753,Y,1788,0,522
,13006,Pave,7,1997,Gd,964,Y,2236,0,642
73.0,8925,Pave,8,2007,Gd,1466,Y,1466,0,610
70.0,9100,Pave,5,1965,TA,925,Y,925,0,429
84.0,11670,Pave,9,2006,Ex,1905,Y,1905,0,788
63.0,8487,Pave,7,2004,Gd,1500,Y,1500,0,570
313.0,27650,Pave,7,1960,Gd,585,Y,2069,0,505
52.0,5825,Pave,4,1926,Fa,600,Y,747,0,528
67.0,10083,Pave,7,2003,Gd,1176,Y,1200,0,555
75.0,9675,Pave,7,2005,Gd,1113,Y,1971,0,689
73.0,8760,Pave,7,2006,Gd,1391,Y,1962,0,868
,24090,Pave,7,1940,TA,1032,Y,2403,0,349
55.0,12640,Pave,6,1976,TA,1728,Y,1728,0,574
,8755,Pave,7,1999,Gd,992,Y,2060,0,390
42.0,7711,Pave,4,1977,Gd,1440,Y,1440,0,0
100.0,25000,Pave,5,1967,TA,1632,Y,1632,0,576
,14375,Pave,6,1958,TA,819,Y,1344,0,525
98.0,8820,Pave,5,1890,TA,1088,Y,1869,0,456
70.0,8163,Pave,5,1959,TA,1144,Y,1144,0,796
85.0,14536,Pave,8,2002,Gd,1616,Y,1629,0,808
65.0,14006,Pave,7,2002,Gd,936,Y,1776,0,474
78.0,9360,Pave,6,1972,TA,1161,Y,1381,0,676
60.0,7200,Pave,5,1950,TA,864,Y,864,0,720
60.0,7800,Pave,5,1965,TA,828,Y,965,0,300
60.0,7200,Pave,5,1972,Gd,768,Y,768,0,396
,11075,Pave,5,1969,TA,784,Y,1968,0,530
35.0,9400,Pave,6,1975,Gd,945,Y,980,0,0
82.0,7136,Pave,6,1946,Gd,979,N,1958,0,492
24.0,1300,Pave,6,1980,Gd,561,Y,1229,0,462
70.0,7420,Pave,5,1962,TA,1057,Y,1057,0,576
65.0,8450,Pave,7,2003,Gd,1337,Y,1337,0,531
24.0,2572,Pave,7,1999,Gd,696,Y,1416,0,484
50.0,7207,Pave,5,1958,TA,858,Y,858,0,0
,12227,Pave,6,1977,Gd,1330,Y,2872,0,619
24.0,2308,Pave,6,1976,Gd,804,Y,1548,0,440
122.0,11923,Pave,9,2007,Ex,1800,Y,1800,0,702
80.0,11316,Pave,7,2002,Gd,817,Y,1894,0,510
65.0,10237,Pave,6,2005,Gd,783,Y,1484,0,393
130.0,9600,Pave,5,1940,TA,728,Y,1308,0,256
,7390,Pave,5,1955,TA,1098,Y,1098,0,260
50.0,5925,Pave,3,1910,TA,600,N,968,0,0
75.0,10382,Pave,6,1958,TA,588,Y,1095,0,264
60.0,10800,Pave,4,1949,TA,720,N,1192,0,0
36.0,2268,Pave,7,2003,Gd,764,Y,1626,0,474
55.0,7892,Pave,6,1979,Gd,918,Y,918,0,264
95.0,11639,Pave,7,2007,Gd,1428,Y,1428,0,480
60.0,11414,Pave,7,1910,Gd,728,N,2019,0,532
,2651,Pave,7,2000,Gd,673,Y,1382,0,490
51.0,5900,Pave,4,1923,Gd,440,Y,869,0,0
35.0,4274,Pave,7,2006,Gd,1241,Y,1241,0,569
68.0,9450,Pave,4,1954,TA,894,Y,894,0,400
80.0,8816,Pave,5,1963,TA,1121,Y,1121,0,480
,12122,Pave,7,1961,TA,944,Y,999,0,588
98.0,12203,Pave,8,1998,Gd,1225,Y,2612,0,676
43.0,3182,Pave,7,2007,Gd,1266,Y,1266,0,388
,11250,Pave,8,2002,Gd,1128,Y,2290,0,779
75.0,10125,Pave,5,1977,,0,Y,1734,0,539
68.0,10880,Pave,5,1950,TA,1164,N,1164,0,240
59.0,5310,Pave,6,1910,TA,485,Y,1635,0,255
83.0,10159,Pave,9,2009,Ex,1930,Y,1940,0,606
,12046,Pave,6,1976,TA,848,Y,2030,0,551
65.0,8125,Pave,7,2006,Gd,770,Y,1576,0,614
82.0,9452,Pave,8,1997,Gd,1396,Y,2392,0,870
121.0,17671,Pave,8,1882,TA,916,Y,1742,0,424
80.0,9760,Pave,6,1964,TA,822,Y,1851,0,440
68.0,8846,Pave,6,2005,Gd,750,Y,1500,0,564
96.0,12456,Pave,10,2006,Ex,1700,Y,1718,0,786
51.0,4712,Pave,4,1946,TA,747,Y,1230,0,305
,10659,Pave,5,1961,TA,1050,Y,1050,0,368
,11717,Pave,6,1970,TA,1442,Y,1442,0,615
60.0,9786,Pave,3,1922,TA,1007,N,1077,0,210
64.0,6762,Pave,7,2006,Gd,1187,Y,1208,0,632
74.0,10206,Pave,3,1952,,0,N,944,0,528
60.0,5400,Pave,5,1920,Fa,691,Y,691,0,216
75.0,11957,Pave,8,2006,Gd,1574,Y,1574,0,824
,11500,Pave,5,1976,TA,1680,Y,1680,0,528
43.0,3182,Pave,7,2005,Gd,1346,Y,1504,0,457
65.0,8385,Pave,5,1977,Gd,985,Y,985,0,328
,12155,Pave,6,1970,Gd,1657,Y,1657,0,484
21.0,2217,Pave,4,1970,TA,546,Y,1092,0,286
43.0,12118,Pave,7,2004,Ex,1710,Y,1710,0,550
60.0,6000,Pave,5,1926,TA,1008,Y,1522,0,0
115.0,21286,Pave,5,1948,TA,720,Y,1271,0,312
75.0,9825,Pave,5,1965,,0,N,1664,0,0
55.0,10592,Pave,6,1923,TA,602,Y,1502,0,180
60.0,7200,Pave,5,1910,TA,1022,N,1022,0,280
60.0,11664,Pave,6,1948,TA,1082,Y,1082,0,240
70.0,8400,Pave,8,2001,Gd,810,Y,1665,0,528
73.0,11883,Pave,7,1996,Gd,1504,Y,1504,0,478
,5814,Pave,8,1984,Gd,1220,Y,1360,0,565
,10784,Pave,7,1991,Gd,384,Y,1472,0,402
43.0,3013,Pave,7,2005,Gd,1362,Y,1506,0,440
60.0,7024,Pave,4,2005,Gd,1132,Y,1132,0,451
64.0,7406,Pave,7,2006,Gd,1199,Y,1220,0,632
52.0,9439,Pave,5,1930,TA,912,Y,1248,0,160
43.0,3182,Pave,7,2005,Gd,1346,Y,1504,0,437
,15498,Pave,8,1976,Gd,1565,Y,2898,0,665
70.0,7700,Pave,5,1972,TA,882,Y,882,0,461
73.0,9300,Pave,5,1960,TA,1268,Y,1264,0,461
71.0,9520,Pave,8,2007,Gd,1638,Y,1646,0,800
79.0,9492,Pave,5,1941,TA,768,Y,1376,0,240
21.0,1680,Pave,6,1972,TA,672,Y,1218,0,264
,7082,Pave,5,1916,TA,686,Y,1928,0,0
102.0,15863,Pave,7,1920,TA,824,Y,3082,0,672
,14541,Pave,8,1993,Gd,1338,Y,2520,0,796
,8125,Pave,7,2002,Gd,1654,Y,1654,0,900
50.0,6305,Pave,5,1938,Fa,920,Y,954,0,240
,11500,Pave,4,1957,,0,N,845,0,290
89.0,12898,Pave,9,2007,Ex,1620,Y,1620,0,912
,9240,Pave,8,2001,Gd,1055,Y,2263,0,905
21.0,1533,Pave,4,1970,TA,546,Y,1344,0,0
21.0,1477,Pave,4,1970,Gd,630,Y,630,0,286
88.0,13125,Pave,5,1957,TA,1134,Y,1803,0,484
,9130,Pave,6,1966,TA,800,Y,1632,0,484
34.0,5381,Pave,6,2005,Gd,1306,Y,1306,0,624
86.0,11839,Pave,7,1990,Gd,1475,Y,2329,0,514
80.0,9600,Pave,8,1981,Gd,2524,Y,2524,0,542
,13680,Pave,3,1955,,0,Y,1733,0,452
85.0,16056,Pave,9,2005,Ex,1992,Y,2868,0,716
57.0,9245,Pave,5,1994,Gd,990,Y,990,0,672
100.0,21750,Pave,5,1960,,0,Y,1771,0,336
60.0,11100,Pave,4,1946,,0,Y,930,0,308
73.0,8993,Pave,7,2007,Gd,1302,Y,1302,0,436
103.0,11175,Pave,7,2007,Gd,1316,Y,1316,0,440
100.0,9500,Pave,6,1964,TA,816,Y,1977,0,540
68.0,8562,Pave,5,1957,TA,1216,Y,1526,0,364
90.0,11367,Pave,8,2002,Gd,1065,Y,1989,0,586
104.0,11361,Pave,6,1976,Gd,1193,Y,1523,0,478
43.0,7052,Pave,7,2005,Gd,1364,Y,1364,0,484
,29959,Pave,7,1994,Gd,973,Y,1850,0,467
96.0,11308,Pave,9,2008,Ex,1104,Y,2184,0,836
,11275,Pave,6,1932,TA,854,Y,1991,0,432
41.0,4920,Pave,8,2001,Gd,1338,Y,1338,0,582
120.0,18000,Grvl,3,1935,TA,894,Y,894,0,1248
85.0,13600,Pave,5,1900,TA,662,N,2337,0,560
50.0,6000,Pave,6,1925,TA,1103,Y,1103,0,440
,11000,Pave,5,1966,TA,1154,Y,1154,0,480
80.0,14000,Pave,7,1996,Ex,1306,Y,2260,0,533
59.0,7837,Pave,6,1993,Gd,799,Y,1571,0,380
80.0,9760,Pave,6,1964,TA,780,Y,1611,0,442
42.0,3964,Pave,6,1973,Gd,942,Y,2521,0,576
60.0,9600,Pave,5,1949,TA,845,Y,893,0,576
72.0,10152,Pave,5,1956,TA,1048,Y,1048,0,286
78.0,11700,Pave,6,1968,TA,727,Y,1556,0,441
50.0,7585,Pave,5,1948,Fa,810,Y,1456,0,280
75.0,7950,Pave,6,1977,TA,690,Y,1426,0,440
74.0,8556,Pave,7,2006,Gd,1240,Y,1240,0,826
75.0,13125,Pave,7,1940,TA,800,Y,1740,0,240
60.0,10800,Pave,5,1936,Fa,796,Y,1466,0,566
,15870,Pave,5,1969,TA,1096,Y,1096,0,299
37.0,4435,Pave,6,2004,Gd,848,Y,848,0,420
65.0,8775,Pave,5,1994,Gd,990,Y,990,0,299
80.0,11040,Pave,6,1971,TA,1258,Y,1258,0,528
75.0,7500,Pave,5,1963,TA,1040,Y,1040,0,308
70.0,8749,Pave,7,2002,Gd,1459,Y,1459,0,527
80.0,8800,Pave,6,1964,TA,1251,Y,1251,0,461
,13031,Pave,6,1995,Gd,691,Y,1498,0,409
73.0,9069,Pave,6,1992,Gd,936,Y,996,0,564
,1974,Pave,4,1973,TA,546,Y,1092,0,286
85.0,10574,Pave,8,2005,Gd,1082,Y,1953,0,1043
24.0,2522,Pave,7,2004,Gd,970,Y,1709,0,380
37.0,3316,Pave,8,2005,Gd,1247,Y,1247,0,550
60.0,8544,Pave,3,1950,,0,N,1040,0,400
24.0,2160,Pave,7,1999,Gd,600,Y,1252,0,462
60.0,8400,Pave,6,1925,TA,1181,Y,1694,0,576
71.0,9230,Pave,5,1965,TA,864,Y,1200,0,884
74.0,5868,Pave,5,1956,TA,936,Y,936,0,308
78.0,9317,Pave,6,2006,Gd,1314,Y,1314,0,440
60.0,6882,Pave,6,1914,TA,684,Y,1355,0,0
,3696,Pave,8,1986,Gd,1074,Y,1088,0,461
50.0,6000,Pave,4,1936,TA,672,Y,1324,0,240
82.0,11880,Pave,7,1978,Gd,1271,Y,1601,0,478
60.0,8400,Pave,2,1920,TA,290,N,438,0,246
61.0,9758,Pave,5,1971,TA,950,Y,950,0,280
70.0,7000,Pave,5,1960,TA,1010,Y,1134,0,254
79.0,8910,Pave,6,1959,TA,655,Y,1194,0,539
24.0,2016,Pave,5,1970,TA,630,Y,1302,0,440
98.0,12256,Pave,8,1994,Ex,1463,Y,2622,0,712
114.0,10357,Pave,7,1990,Gd,910,Y,1442,0,719
168.0,23257,Pave,7,2006,Ex,868,Y,2021,0,422
,8063,Pave,6,2000,Gd,924,Y,1690,0,463
107.0,11362,Pave,8,2004,Ex,1836,Y,1836,0,862
,8000,Pave,6,1995,Gd,773,Y,1658,0,431
80.0,10480,Pave,7,1976,TA,803,Y,1964,0,483
73.0,7100,Pave,5,1957,TA,816,Y,816,0,308
66.0,8923,Pave,5,1953,TA,1008,Y,1008,0,240
90.0,5400,Pave,5,1954,TA,833,Y,833,0,326
93.0,12085,Pave,8,2007,Ex,1734,Y,1734,0,928
,7750,Pave,8,2002,Gd,408,Y,1419,0,527
57.0,9764,Pave,5,1967,TA,894,Y,894,0,450
85.0,13825,Pave,5,1958,TA,533,Y,1601,0,300
70.0,7560,Pave,5,1959,TA,1040,Y,1040,0,286
59.0,8263,Pave,6,1920,TA,1012,Y,1012,0,308
84.0,10084,Pave,7,2005,Gd,1552,Y,1552,0,782
,8926,Pave,4,1956,TA,672,Y,960,0,288
50.0,9405,Pave,5,1947,TA,698,Y,698,0,0
,9125,Pave,7,1992,Gd,384,Y,1482,0,392
60.0,10434,Pave,4,1955,TA,1005,Y,1005,0,672
53.0,3684,Pave,7,2007,Gd,1373,Y,1555,0,660
182.0,14572,Pave,7,2004,Gd,1530,Y,1530,0,630
59.0,11796,Pave,7,2004,Gd,847,Y,1959,0,434
60.0,7200,Pave,5,1980,Gd,936,Y,936,0,672
65.0,7804,Pave,4,1928,TA,1122,Y,1981,0,576
63.0,10712,Pave,5,1991,Gd,974,Y,974,0,0
90.0,9900,Pave,6,1880,TA,1008,Y,2210,0,205
80.0,9828,Pave,8,1995,Gd,1128,Y,2020,0,466
57.0,8773,Pave,6,1997,Gd,916,Y,1600,0,460
60.0,6180,Pave,6,1926,TA,960,N,986,0,180
80.0,9600,Pave,6,1950,TA,1032,Y,1252,0,288
54.0,6342,Pave,5,1875,TA,780,N,1020,0,0
,9819,Pave,6,1977,TA,1567,Y,1567,0,714
98.0,8731,Pave,5,1920,TA,915,Y,1167,0,495
60.0,7350,Pave,5,1951,TA,952,Y,952,0,840
,10304,Pave,5,1976,TA,780,Y,1868,0,484
77.0,9965,Pave,8,2006,Ex,1466,Y,2828,0,1052
,9000,Pave,5,1959,TA,1006,Y,1006,0,0
60.0,12180,Pave,4,1941,Gd,672,N,924,0,280
52.0,6240,Pave,5,1928,TA,1042,Y,1576,0,225
,11200,Pave,6,1985,Gd,1298,Y,1298,0,403
75.0,12000,Pave,7,1941,TA,704,Y,1564,0,234
,5700,Pave,7,1926,TA,572,Y,1111,0,288
50.0,9000,Pave,7,1920,TA,650,Y,1482,0,324
57.0,8280,Pave,6,1950,TA,932,Y,932,0,306
134.0,17755,Pave,5,1959,TA,1466,Y,1466,0,528
90.0,14115,Pave,6,1956,TA,1073,Y,1811,0,470
,5890,Pave,6,1930,TA,816,Y,816,0,432
,13700,Pave,7,1965,TA,864,Y,1820,0,492
90.0,10768,Pave,5,1976,Gd,1437,Y,1437,0,528
85.0,9350,Pave,5,1965,TA,1219,Y,1265,0,502
34.0,5001,Pave,7,2007,Gd,1314,Y,1314,0,626
92.0,11932,Pave,8,2007,Gd,1580,Y,1580,0,830
76.0,9120,Pave,6,1974,TA,901,Y,1876,0,540
24.0,2280,Pave,6,1978,Gd,855,Y,1456,0,440
,14778,Pave,6,1954,TA,1296,Y,1640,0,924
109.0,8724,Pave,5,1968,Gd,894,Y,894,0,450
60.0,12900,Pave,4,1969,Gd,1198,Y,1258,0,400
,16157,Pave,5,1978,Gd,1360,Y,1432,0,588
79.0,9541,Pave,7,2009,Gd,1502,Y,1502,0,644
64.0,10475,Pave,8,2008,Gd,1694,Y,1694,0,776
58.0,10852,Pave,6,2000,Gd,959,Y,1671,0,472
120.0,13728,Pave,6,1935,TA,1127,Y,2108,0,540
118.0,35760,Pave,10,1995,Ex,1930,Y,3627,0,807
76.0,9880,Pave,6,1977,TA,1096,Y,1118,576,358
76.0,9120,Pave,6,1958,TA,1261,Y,1261,0,433
35.0,4017,Pave,7,2006,Gd,625,Y,1250,0,625
138.0,18030,Pave,5,1946,TA,1598,Y,3086,0,0
80.0,16560,Pave,6,1932,Gd,952,Y,2345,0,360
85.0,10678,Pave,8,1992,Gd,1683,Y,2872,0,541
37.0,6951,Pave,5,1984,TA,876,Y,923,0,264
,3950,Pave,6,1926,TA,818,Y,1224,0,210
54.0,7681,Pave,5,1921,TA,731,Y,1343,0,186
77.0,8335,Pave,5,1954,,0,Y,1124,0,0
,11170,Pave,7,1990,Gd,1216,Y,2514,0,693
64.0,5587,Pave,8,2008,Ex,1600,Y,1652,0,482
160.0,15623,Pave,10,1996,Ex,2396,Y,4476,555,813
60.0,10800,Pave,5,1920,TA,1120,Y,1130,0,720
50.0,35133,Grvl,5,1963,TA,1572,Y,1572,0,995
60.0,9738,Pave,5,1924,TA,784,Y,1221,0,392
107.0,10615,Pave,3,1900,Fa,978,Y,1699,0,420
89.0,12461,Pave,8,1994,Gd,1624,Y,1624,0,757
68.0,8935,Pave,7,2002,Gd,831,Y,1660,0,493
60.0,7500,Pave,7,1999,TA,994,Y,1804,0,442
,32463,Pave,4,1961,TA,1249,Y,1622,0,1356
24.0,2645,Pave,8,1999,Gd,776,Y,1441,0,492
60.0,9600,Pave,5,1925,TA,702,Y,1472,0,250
,4500,Pave,6,1999,Ex,1224,Y,1224,0,402
80.0,9364,Pave,6,1969,TA,663,Y,1352,0,299
51.0,8029,Pave,6,2005,Gd,728,Y,1456,0,400
58.0,14054,Pave,7,2006,Gd,879,Y,1863,0,660
65.0,8850,Pave,7,1916,TA,815,Y,1690,0,225
70.0,9100,Pave,7,2001,Gd,1212,Y,1212,0,573
75.0,11235,Pave,4,1963,TA,1051,Y,1382,0,459
71.0,9353,Pave,4,1970,TA,864,Y,864,0,280
80.0,10400,Pave,7,1998,Gd,866,Y,1779,0,546
50.0,6000,Pave,5,1925,TA,884,Y,1348,0,216
75.0,9750,Pave,7,2000,Gd,1630,Y,1630,0,451
78.0,10140,Pave,5,1975,Gd,1056,Y,1074,0,495
90.0,14684,Pave,7,1990,Gd,2158,Y,2196,0,701
,8900,Pave,4,1966,TA,1056,Y,1056,0,384
70.0,9135,Pave,6,2003,Gd,1682,Y,1700,0,544
70.0,7763,Pave,5,1962,TA,931,Y,1283,0,506
85.0,10182,Pave,8,2006,Ex,1660,Y,1660,0,500
70.0,11218,Pave,6,1992,Gd,1055,Y,1845,0,462
152.0,12134,Pave,8,1988,Gd,559,Y,1752,0,492
50.0,9340,Pave,4,1941,TA,672,Y,672,0,234
,10246,Pave,4,1965,TA,648,Y,960,0,364
69.0,10205,Pave,5,1962,TA,925,Y,999,0,300
99.0,7094,Pave,5,1966,TA,894,Y,894,0,384
68.0,8930,Pave,6,1978,,0,Y,1902,0,539
72.0,8640,Pave,8,2009,Gd,1300,Y,1314,0,552
52.0,6240,Pave,4,1947,,0,N,912,0,0
21.0,1680,Pave,6,1971,TA,672,Y,1218,0,0
66.0,7800,Pave,5,1964,TA,912,Y,912,0,288
55.0,8250,Pave,5,1968,TA,952,Y,1211,0,322
78.0,10496,Pave,6,1949,TA,1040,Y,1846,0,315
89.0,10680,Pave,5,1951,TA,2136,N,2136,0,528
60.0,15384,Pave,7,2004,Gd,788,Y,1490,0,388
65.0,10482,Pave,6,1958,TA,588,Y,1138,0,264
86.0,14598,Pave,6,2007,Gd,894,Y,1933,0,668
72.0,8872,Pave,5,1965,TA,912,Y,912,0,576
65.0,8769,Pave,9,2008,Ex,1702,Y,1702,0,1052
70.0,7910,Pave,5,1960,TA,1075,Y,1507,0,404
,18890,Pave,5,1977,Gd,1361,Y,2620,0,600
70.0,7728,Pave,5,1962,TA,1106,Y,1190,0,540
70.0,9842,Pave,4,1962,,0,Y,1224,0,462
,12160,Pave,5,1959,TA,1188,Y,1188,0,531
55.0,8525,Pave,5,1911,TA,940,N,1964,0,0
96.0,13132,Pave,5,1914,Gd,747,Y,1784,0,180
36.0,2628,Pave,7,2003,Gd,764,Y,1626,0,474
41.0,12393,Pave,7,2004,Gd,847,Y,1948,0,434
63.0,13072,Pave,6,2005,Gd,1141,Y,1141,0,484
64.0,9037,Pave,8,2006,Gd,1476,Y,1484,0,472
65.0,8158,Pave,7,2003,Gd,884,Y,1768,0,543
83.0,9849,Pave,7,2007,Gd,1689,Y,1689,0,954
85.0,10625,Pave,7,1974,Gd,1053,Y,1173,0,528
107.0,13891,Pave,10,2006,Ex,2076,Y,2076,0,850
,11435,Pave,8,1929,Gd,792,Y,1517,0,400
78.0,12090,Pave,6,1984,Gd,585,Y,1868,0,477
65.0,8125,Pave,7,2005,Gd,756,Y,1553,0,615
,12328,Pave,6,1976,TA,1012,Y,1034,0,888
60.0,9600,Pave,6,1917,Gd,735,N,2058,0,396
60.0,7200,Pave,5,1950,TA,876,Y,988,0,276
93.0,11160,Pave,7,1968,TA,2110,Y,2110,0,522
,3136,Pave,7,2003,Gd,1405,Y,1405,0,478
62.0,9858,Pave,5,1968,TA,864,Y,874,0,288
,17542,Pave,7,1974,TA,1192,Y,2167,0,518
60.0,6931,Pave,7,2003,Gd,746,Y,1656,0,397
52.0,6240,Pave,6,1931,TA,884,Y,1367,0,560
91.0,14303,Pave,8,1994,Gd,1986,Y,1987,0,691
56.0,4060,Pave,5,1922,Fa,864,Y,864,0,0
59.0,9587,Pave,7,2005,Gd,856,Y,1166,0,400
65.0,9750,Pave,6,1969,Gd,1054,Y,1054,0,460
,24682,Pave,6,1999,Gd,841,Y,1675,0,502
80.0,9600,Pave,5,1956,TA,1050,Y,1050,0,338
,11250,Pave,4,1957,TA,1104,Y,1788,0,304
60.0,13515,Pave,6,1919,TA,764,Y,1824,0,520
34.0,4060,Pave,6,1998,Gd,1405,Y,1337,0,511
35.0,3735,Pave,7,1999,Gd,691,Y,1452,0,506
60.0,10120,Pave,7,1910,TA,925,N,1889,0,308
89.0,13214,Pave,9,2008,Ex,2002,Y,2018,0,746
,14100,Pave,8,1935,TA,728,Y,3447,0,1014
78.0,11344,Pave,5,1958,TA,874,Y,1524,0,315
,23595,Pave,7,1979,Gd,1332,Y,1524,0,586
,9156,Pave,6,1968,TA,1489,Y,1489,0,462
,13526,Pave,5,1965,TA,935,Y,935,0,288
124.0,11512,Pave,6,1959,TA,1019,Y,1357,0,312
53.0,5362,Pave,5,1910,TA,661,Y,1250,0,552
95.0,11345,Pave,5,1948,TA,928,Y,1920,0,400
,12936,Pave,6,1972,TA,723,Y,1395,0,497
,17871,Pave,6,1967,Gd,1680,Y,1724,0,480
75.0,9473,Pave,8,2002,Gd,1128,Y,2031,0,577
60.0,7500,Pave,4,1920,TA,698,Y,1128,0,528
67.0,9808,Pave,7,2002,Gd,1573,Y,1573,0,544
50.0,8049,Pave,7,1990,Gd,1309,Y,1339,0,484
61.0,8800,Pave,5,1977,Gd,1040,Y,1040,0,484
94.0,9400,Pave,6,1971,TA,912,Y,1824,0,0
50.0,9638,Pave,6,1919,TA,804,Y,2447,0,336
50.0,6000,Pave,6,1939,TA,780,Y,1412,0,280
,9790,Pave,6,1963,TA,1328,Y,1328,0,528
,36500,Pave,5,1964,TA,1624,Y,1582,0,390
40.0,5664,Pave,8,2000,Gd,1501,Y,1659,0,499
86.0,11065,Pave,8,2006,Gd,1085,Y,1970,0,753
,14112,Pave,5,1964,TA,1152,Y,1152,0,484
21.0,1680,Pave,5,1972,TA,630,Y,1302,0,264
60.0,6600,Pave,5,1892,TA,994,N,2372,0,432
78.0,10140,Pave,7,1976,Gd,832,Y,1664,0,528
60.0,8172,Pave,5,1955,TA,864,Y,864,0,572
70.0,8400,Pave,5,1968,TA,1052,Y,1052,0,288
80.0,8700,Pave,5,1963,TA,1120,Y,1128,0,525
35.0,3675,Pave,6,2005,Gd,547,Y,1072,0,525
313.0,63887,Pave,10,2008,Ex,6110,Y,5642,480,1418
75.0,7500,Pave,5,1959,TA,1246,Y,1246,0,305
,10762,Pave,7,1999,Gd,978,Y,1983,0,490
,7500,Pave,6,1942,TA,771,Y,1494,0,213
92.0,10120,Pave,8,1994,Gd,1165,Y,2526,0,844
73.0,8688,Pave,7,2005,Gd,1616,Y,1616,0,834
32.0,3363,Pave,7,2004,Gd,976,Y,1708,0,380
108.0,13173,Pave,9,2006,Ex,1652,Y,1652,0,840
48.0,6955,Pave,7,2005,Gd,1368,Y,1368,0,474
60.0,8072,Pave,5,1994,Gd,990,Y,990,0,480
100.0,12000,Pave,5,1948,TA,924,Y,1122,0,528
,7153,Pave,6,1991,Gd,1278,Y,1294,0,496
100.0,17500,Pave,7,1959,Gd,1902,Y,1902,0,567
68.0,8814,Pave,7,2005,Gd,1274,Y,1274,0,508
,9572,Pave,8,1990,Ex,1453,Y,2810,0,750
108.0,14774,Pave,9,1999,Gd,1393,Y,2599,0,779
60.0,8190,Pave,4,1954,TA,948,Y,948,0,280
85.0,11075,Pave,6,1969,Fa,952,Y,2112,0,576
61.0,10226,Pave,8,2008,Ex,1622,Y,1630,0,860
47.0,4230,Pave,7,2006,Ex,1352,Y,1352,0,466
,14781,Pave,8,2001,Gd,1753,Y,1787,0,748
75.0,10215,Pave,4,1954,TA,864,Y,948,0,248
70.0,8400,Pave,6,1957,TA,1478,Y,1478,0,442
,6627,Pave,3,1949,,0,N,720,0,287
107.0,10186,Pave,7,1992,Gd,750,Y,1923,0,564
50.0,5330,Pave,4,1940,TA,420,Y,708,0,0
75.0,9986,Pave,8,2006,Ex,1795,Y,1795,0,895
40.0,3636,Pave,4,1922,TA,796,N,796,0,0
70.0,4270,Pave,3,1931,TA,544,Y,774,0,0
60.0,6600,Pave,5,1982,TA,816,Y,816,0,264
60.0,10440,Pave,6,1920,Gd,1510,Y,2792,0,520
63.0,9084,Pave,7,1998,Gd,935,Y,1632,0,462
85.0,10000,Pave,8,2006,Gd,1588,Y,1588,0,825
55.0,10780,Pave,5,1976,TA,911,Y,954,0,576
67.0,8877,Pave,4,1938,TA,816,Y,816,0,288
60.0,7200,Pave,5,1938,TA,803,Y,1360,0,297
24.0,2368,Pave,5,1970,TA,765,Y,1365,0,440
80.0,9650,Pave,6,1977,Gd,1350,Y,1334,0,630
87.0,9246,Pave,5,1973,TA,1656,Y,1656,0,506
153.0,4118,Pave,4,1941,TA,693,N,693,0,0
95.0,13450,Pave,7,2002,Gd,916,Y,1861,0,492
120.0,9560,Pave,5,1972,TA,864,Y,864,0,288
70.0,8294,Pave,4,1971,TA,858,Y,872,0,480
66.0,13695,Pave,6,2003,Gd,1114,Y,1114,0,576
,9375,Pave,8,2002,Gd,1284,Y,2169,0,647
57.0,7558,Pave,6,1928,TA,896,Y,1913,0,342
85.0,11103,Pave,7,2006,Gd,728,Y,1456,0,440
50.0,6000,Pave,4,1920,TA,960,Y,960,0,308
,20781,Pave,7,1968,TA,1568,Y,2156,0,508
93.0,15306,Pave,8,2006,Ex,1732,Y,1776,0,712
,16196,Pave,7,1998,Gd,1482,Y,1494,0,514
50.0,5250,Pave,8,1872,TA,684,N,2358,0,0
91.0,11643,Pave,5,1969,TA,1248,Y,2634,0,968
70.0,9247,Pave,6,1962,TA,858,Y,1716,0,490
50.0,6000,Pave,6,1937,TA,698,Y,1176,0,624
56.0,14720,Pave,8,1995,Gd,2033,Y,3238,0,666
,10316,Pave,7,2000,Gd,992,Y,1865,0,839
102.0,10192,Pave,7,1968,TA,570,Y,1920,0,487
,9477,Pave,5,1966,TA,864,Y,892,0,264
,12537,Pave,5,1971,TA,1078,Y,1078,0,500
,2117,Pave,6,2000,Gd,756,Y,1573,0,440
129.0,16737,Pave,9,2004,Ex,1980,Y,1980,0,770
51.0,9842,Pave,5,1921,TA,612,Y,2601,0,621
124.0,16158,Pave,7,2005,Ex,1530,Y,1530,0,430
,12513,Pave,4,1920,TA,715,Y,1738,0,368
73.0,8499,Pave,6,2006,Gd,616,Y,1412,0,432
30.0,3180,Pave,7,2005,Gd,600,Y,1200,0,480
,7500,Pave,7,2000,Gd,814,Y,1674,0,663
68.0,9179,Pave,7,1999,Gd,873,Y,1790,0,588
41.0,2665,Pave,5,1977,TA,757,Y,1475,0,336
,4435,Pave,6,2003,Gd,848,Y,848,0,420
48.0,10635,Pave,8,2003,Gd,1657,Y,1668,0,502
90.0,5400,Pave,4,1920,TA,840,Y,1374,0,338
80.0,9600,Pave,6,1955,TA,992,Y,1661,0,377
75.0,9750,Pave,7,1998,Gd,1108,Y,2097,0,583
,11400,Pave,10,2001,Ex,2633,Y,2633,0,804
85.0,10625,Pave,7,2005,Gd,1026,Y,1958,0,936
89.0,10991,Pave,8,2007,Gd,1571,Y,1571,0,722
52.0,6292,Pave,6,1930,Gd,768,N,790,0,160
60.0,10998,Pave,5,1941,TA,984,Y,1604,0,660
21.0,1953,Pave,6,1973,TA,483,Y,987,0,264
73.0,9735,Pave,5,2006,Gd,384,Y,1394,0,400
45.0,8212,Pave,3,1914,TA,864,N,864,0,200
,12925,Pave,6,1970,TA,1205,Y,2117,0,550
60.0,7200,Pave,7,1920,Fa,596,Y,1762,0,576
,25339,Pave,5,1918,TA,816,Y,1416,0,576
60.0,9060,Pave,6,1939,TA,560,Y,1258,0,280
40.0,5436,Pave,4,1922,TA,796,Y,1154,0,240
80.0,16692,Pave,7,1978,Gd,1392,Y,2784,519,564
60.0,8520,Pave,6,1916,TA,714,N,2526,0,216
42.0,14892,Pave,9,2006,Ex,1746,Y,1746,0,758
60.0,6000,Pave,6,1941,TA,735,Y,1218,0,440
70.0,9100,Pave,7,2000,Gd,1525,Y,1525,0,541
65.0,8944,Pave,5,1967,TA,1584,Y,1584,0,792
68.0,7838,Pave,5,1967,TA,864,Y,900,0,288
60.0,10800,Pave,6,1905,Fa,482,N,1912,0,672
53.0,4045,Pave,7,2006,Gd,1356,Y,1500,0,648
88.0,12665,Pave,8,2005,Gd,1094,Y,2482,0,642
,57200,Pave,5,1948,TA,747,Y,1687,0,572
51.0,6120,Pave,5,1920,TA,939,Y,1513,0,180
60.0,7200,Pave,5,1950,TA,1208,Y,1904,0,240
51.0,6171,Pave,6,1925,TA,976,Y,1608,0,216
50.0,6000,Pave,6,1929,TA,862,Y,1158,0,208
62.0,7415,Pave,6,2004,TA,839,Y,1593,0,398
64.0,6762,Pave,7,2006,Gd,1286,Y,1294,0,662
49.0,15256,Pave,8,2007,Gd,1485,Y,1464,0,754
60.0,10410,Pave,3,1915,TA,672,Y,1214,0,936
44.0,3842,Pave,8,2004,Ex,1594,Y,1646,0,482
70.0,8445,Pave,5,1972,Gd,768,Y,768,0,396
,8780,Pave,5,1985,TA,833,Y,833,0,0
60.0,7740,Pave,4,1910,Fa,622,Y,1363,0,528
46.0,20544,Pave,7,1986,Gd,791,Y,2093,0,542
79.0,12420,Pave,7,2001,Gd,944,Y,1840,0,622
80.0,9600,Pave,6,1950,TA,856,Y,1668,0,271
60.0,7200,Pave,4,1949,,0,N,1040,0,420
88.0,10994,Pave,8,2005,Gd,1844,Y,1844,0,620
64.0,13053,Pave,6,1923,TA,833,Y,1848,0,370
51.0,3635,Pave,7,2007,Gd,1386,Y,1569,0,660
60.0,11340,Pave,4,1885,TA,777,Y,2290,0,560
,16545,Pave,8,1998,Gd,1284,Y,2450,0,1069
71.0,9204,Pave,5,1963,TA,1144,Y,1144,0,336
,16381,Pave,6,1969,TA,1844,Y,1844,0,540
90.0,11700,Pave,6,1968,TA,708,Y,1416,0,776
53.0,4043,Pave,6,1977,Gd,1069,Y,1069,0,440
37.0,4435,Pave,6,2003,Gd,848,Y,848,0,420
,19690,Pave,6,1966,Gd,697,Y,2201,738,432
,9503,Pave,5,1958,TA,1024,Y,1344,0,484
80.0,10721,Pave,6,1959,TA,1252,Y,1252,0,528
81.0,10944,Pave,7,1994,Gd,1223,Y,2127,0,525
60.0,10930,Pave,5,1945,TA,913,Y,1558,0,288
60.0,7200,Pave,5,1940,TA,788,Y,804,0,240
,12546,Pave,6,1981,Gd,1440,Y,1440,0,467
60.0,21930,Pave,5,2005,Gd,732,Y,1838,0,372
,4928,Pave,6,1976,Gd,958,Y,958,0,440
60.0,10800,Pave,4,1927,TA,656,Y,968,0,216
93.0,10261,Pave,6,2000,Gd,936,Y,1792,0,451
80.0,17400,Pave,5,1977,TA,1126,Y,1126,0,484
80.0,8400,Pave,6,1962,TA,1319,Y,1537,0,462
60.0,9000,Pave,4,1971,TA,864,Y,864,0,528
96.0,12444,Pave,8,2008,Ex,1932,Y,1932,0,774
90.0,7407,Pave,6,1957,TA,912,Y,1236,0,923
80.0,11584,Pave,7,1979,TA,539,Y,1725,0,550
79.0,11526,Pave,6,1922,Ex,588,Y,2555,0,672
,4426,Pave,6,2004,Gd,848,Y,848,0,420
85.0,11003,Pave,10,2008,Ex,1017,Y,2007,0,812
,8854,Pave,6,1916,TA,952,N,952,0,192
63.0,8500,Pave,7,2004,Gd,1422,Y,1422,0,626
70.0,8400,Pave,6,1966,TA,814,Y,913,0,240
,26142,Pave,5,1962,TA,1188,Y,1188,0,312
80.0,10000,Pave,8,1995,Gd,1220,Y,2090,0,556
70.0,11767,Pave,4,1910,Fa,560,N,1346,0,384
21.0,1533,Pave,5,1970,Gd,630,Y,630,0,0
60.0,9000,Pave,5,1974,Gd,896,Y,1792,0,0
78.0,9262,Pave,8,2008,Gd,1573,Y,1578,0,840
35.0,3675,Pave,5,2005,Gd,547,Y,1072,0,525
90.0,17217,Pave,5,2006,Gd,1140,Y,1140,0,0
62.0,7500,Pave,7,2004,Gd,1221,Y,1221,0,400
62.0,7917,Pave,6,1999,Gd,953,Y,1647,0,460
85.0,13175,Pave,6,1978,Gd,1542,Y,2073,0,500
66.0,9042,Pave,7,1941,TA,1152,Y,2340,0,252
68.0,9717,Pave,5,1950,TA,1078,Y,1078,0,240
75.0,9937,Pave,5,1965,TA,1256,Y,1256,0,276
